epoch,train_loss,val_loss,train_accuracy,val_accuracy,val_macro_f1,val_weighted_f1,learning_rate,batches,epoch_seconds,train_seconds,train_eval_seconds,val_seconds,batches_per_second,samples_per_second
1,1.7688456323358641,1.7482720588950953,64.60000000000001,21.707818930041153,0.13829087561606485,0.13274870113813406,0.0001,30,0.5471512000076473,0.4914200999774039,0.02968979999423027,0.025955599965527654,61.04756399133743,15231.367215838689
2,1.7338454589098393,1.7842209888583838,nan,21.656378600823047,0.14491811345720593,0.1415468843830614,0.0001,30,0.22528380004223436,0.2021768999984488,0.0,0.02295480004977435,148.3849045080332,37022.03367475428
3,1.7245934395767804,1.7688779467908444,nan,22.22222222222222,0.1527505687003767,0.14740189847559773,0.0001,30,0.22265240002889186,0.1958879999583587,0.0,0.026709400000981987,153.14873808695435,38210.61015269511
4,1.703824437739615,1.7568264929845991,nan,22.42798353909465,0.1603879543407881,0.1552721507697742,0.0001,30,0.23290160007309169,0.20902259997092187,0.0,0.023820700007490814,143.52514993198554,35809.52490803039
5,1.6785701411202023,1.736075037300832,nan,23.456790123456788,0.17638009065023819,0.16974957533908255,0.0001,30,0.21288390003610402,0.1903415999840945,0.0,0.022486000088974833,157.61136820593546,39324.036367380904
6,1.6594034522871375,1.7230939992661338,nan,23.97119341563786,0.18074420755550874,0.173841453204419,0.0001,30,0.23022909997962415,0.20494029996916652,0.0,0.025233999942429364,146.38409334090724,36522.83128855636
7,1.6355969533652723,1.708330075927232,nan,24.434156378600825,0.19055170102209135,0.1821347755156949,0.0001,30,0.20075509999878705,0.1774827999761328,0.0,0.023219199967570603,169.0304638197858,42173.100723036565
8,1.6244315342498605,1.6883171109996216,nan,25.102880658436217,0.20281656368871204,0.1926037905017081,0.0001,30,0.29357639991212636,0.2710046001011506,0.0,0.022518499987199903,110.69922794226633,27619.45737159545
9,1.6037744896684238,1.6921263472042947,nan,25.462962962962965,0.2053677449206109,0.19497860076345566,0.0001,30,0.21582560008391738,0.1925863999640569,0.0,0.02318100002594292,155.77423953923542,38865.672765039235
10,1.5812741902484524,1.6669606789639948,79.0,25.771604938271604,0.21128917290190233,0.2008555056439678,0.0001,30,0.244520700071007,0.19685309997294098,0.02478570002131164,0.022824999992735684,152.39790485455265,38023.27726121088
11,1.5608152132792399,1.6570483495178536,nan,25.87448559670782,0.2118480432764372,0.20133008646537792,0.0001,30,0.220839099958539,0.1972099000122398,0.0,0.023413999937474728,152.12218046932762,37954.48402709724
12,1.557025621585553,1.6519864066638084,nan,26.080246913580247,0.21440010804385654,0.20310899241057345,0.0001,30,0.22933480003848672,0.20617449993733317,0.0,0.023103100014850497,145.507810175936,36304.19863889603
13,1.5329941648121428,1.6379995974003043,nan,27.00617283950617,0.22807607220045276,0.21489238071710529,0.0001,30,0.2868307000026107,0.26332769996952266,0.0,0.023438200005330145,113.92648780767149,28424.658708014038
14,1.5304663758797095,1.6292068560918171,nan,26.90329218106996,0.22879061132525896,0.21629900678892966,0.0001,30,0.22238329995889217,0.19763160008005798,0.0,0.02469540003221482,151.79758696406543,37873.49794753432
15,1.5087524667292653,1.6107291253015337,nan,27.26337448559671,0.2354021517495463,0.22194371265289992,0.0001,30,0.2206959999166429,0.1967248999280855,0.0,0.023915700032375753,152.49721825232476,38048.05595395502
16,1.500451310650858,1.597383796923445,nan,28.44650205761317,0.25108531259519296,0.2381605359647947,0.0001,30,0.26795589993707836,0.24432409997098148,0.0,0.02355340006761253,122.78772337056851,30635.536980956844
17,1.4796149337777473,1.592933646935985,nan,28.858024691358025,0.25443043305525637,0.23932288155143785,0.0001,30,0.23839940002653748,0.20914269995409995,0.0,0.029201199999079108,143.44273076030876,35788.96132469704
18,1.479084578066885,1.5802926050782695,nan,29.01234567901235,0.25753838994868344,0.24032806249652378,0.0001,30,0.3345911999931559,0.30690900003537536,0.0,0.027619300060905516,97.74884410865143,24388.33660510853
19,1.4522590131702309,1.5757659865014346,nan,29.166666666666668,0.26003619854712207,0.24351163693713745,0.0001,30,0.22531699994578958,0.2019972000271082,0.0,0.02326119993813336,148.5169101154569,37054.969073806504
20,1.4478874444961547,1.5672840655095293,86.1,29.938271604938272,0.26889639134374443,0.2508870962192723,0.0001,30,0.2318694000132382,0.18424680002499372,0.025100099970586598,0.022474800003692508,162.8250802506768,40624.85752254386
21,1.4375890149063641,1.5646483309474992,nan,30.81275720164609,0.2749569853299611,0.2549866041672563,0.0001,30,0.21447339991573244,0.19161509990226477,0.0,0.022684299969114363,156.56386169619097,39062.68349319965
22,1.4252407044669988,1.5458916965335485,nan,31.635802469135804,0.2890449662556447,0.2691906574837954,0.0001,30,0.20852330001071095,0.1865440000547096,0.0,0.021916300058364868,160.819967359988,40124.581856317
23,1.4145881907814093,1.5406214405970318,nan,31.430041152263378,0.2861838705250545,0.26641995695467596,0.0001,30,0.22370410000439733,0.19832209998276085,0.0,0.02532080002129078,151.26907189167395,37741.633436972654
24,1.4048240134615697,1.5312196673679743,nan,31.995884773662553,0.29551362202000875,0.27543527962264364,0.0001,30,0.21613700001034886,0.18992759997490793,0.0,0.02616339991800487,157.9549260031897,39409.754037795836
25,1.3932500440276459,1.5248214703037906,nan,33.0246913580247,0.3039140031067612,0.2821046812594444,0.0001,30,0.21409959997981787,0.19141139998100698,0.0,0.022632600041106343,156.73047688370067,39104.25398248332
26,1.3826377856070469,1.5126505104112036,nan,33.641975308641975,0.31220794707567723,0.28891328690793067,0.0001,30,0.28418700001202524,0.2610577999148518,0.0,0.023073700023815036,114.91707970336448,28671.811385989437
27,1.3725861142775817,1.5084700339125017,nan,33.8477366255144,0.3162103330756041,0.2925350595755617,0.0001,30,0.20586000010371208,0.18394359992817044,0.0,0.02187290007714182,163.0934700186086,40691.82076964284
28,1.3626524711180785,1.5001945745797804,nan,34.15637860082305,0.31964877898561,0.2950381869296542,0.0001,30,0.23273239994887263,0.2107073999941349,0.0,0.021981399971991777,142.37753396812386,35523.1947250469
29,1.3564079048001296,1.4856722158659632,nan,35.08230452674897,0.33145922799078764,0.30777298362444255,0.0001,30,0.21073149994481355,0.18695539992768317,0.0,0.023723899968899786,160.46607913761463,40036.28674483485
30,1.3412239315196046,1.4876447400929016,90.05,35.13374485596708,0.33039325956716686,0.3047894908618062,0.0001,30,0.2285498999990523,0.1822652000701055,0.024697400047443807,0.021537299966439605,164.59532586835536,41066.533804154664
31,1.3412229730514342,1.4768328465551996,nan,36.0082304526749,0.3403532398953619,0.31348381266066505,0.0001,30,0.19964170001912862,0.17767760006245226,0.0,0.021795600070618093,168.84514417943083,42126.86347276799
32,1.327406413601332,1.4725231280542694,nan,36.62551440329218,0.3479793805839685,0.32000059891863875,0.0001,30,0.21256620006170124,0.18988200009334832,0.0,0.022638000082224607,157.9928586451145,39419.21823195607
33,1.3165480314610238,1.4569654454910215,nan,37.60288065843621,0.36170009626482413,0.3314181264534982,0.0001,30,0.2094982999842614,0.18712099990807474,0.0,0.02232210000511259,160.32406846232027,40000.855081348906
34,1.3048167228539467,1.4549864996607902,nan,37.808641975308646,0.3630556041411611,0.33208915932357835,0.0001,30,0.21372820006217808,0.18819150002673268,0.0,0.025481700082309544,159.41208819600507,39773.31600490327
35,1.3061864784421646,1.4563769460215,nan,38.01440329218107,0.3655695638861088,0.3332182897101333,0.0001,30,0.21255239995662123,0.1907872000010684,0.0,0.02172299998346716,157.2432532152681,39232.19167720939
36,1.2979983478207229,1.4491130442285733,nan,38.2201646090535,0.3673776587144904,0.33540784661296213,0.0001,30,0.2117394000524655,0.1892301000189036,0.0,0.02245489996857941,158.53714603016684,39555.01793452663
37,1.2877984891514342,1.4465780689883134,nan,38.63168724279835,0.3729587605674643,0.3398298141473941,0.0001,30,0.21718220005277544,0.1897027000086382,0.0,0.027423599967733026,158.14218774236707,39456.47584172058
38,1.278136026054999,1.4319800653575379,nan,39.86625514403292,0.3868703506225802,0.35156302317967114,0.0001,30,0.21252800000365824,0.1900588000426069,0.0,0.022424799972213805,157.84588765831774,39382.54897075027
39,1.2765573633457712,1.424400559178105,nan,39.86625514403292,0.3891740340118872,0.35579467171940254,0.0001,30,0.20505400002002716,0.18106249999254942,0.0,0.023946200031787157,165.6886434310499,41339.31653604696
40,1.265897119212485,1.4185353012241944,92.60000000000001,39.660493827160494,0.38416287917587966,0.3503528806101743,0.0001,30,0.23234740004409105,0.18220499996095896,0.026470800046809018,0.023622300010174513,164.6497077820482,41080.10209162103
41,1.2594705242272928,1.41213002077346,nan,41.04938271604938,0.4045914047048852,0.3696615234376409,0.0001,30,0.216638799989596,0.19073599996045232,0.0,0.025714399991557002,157.28546266158605,39242.722934065714
42,1.250113492483446,1.4017648691993683,nan,41.51234567901235,0.40771665967223764,0.37427132780374245,0.0001,30,0.22804000007454306,0.20552640000823885,0.0,0.02245090005453676,145.96664953406182,36418.67905874842
43,1.2454719889538242,1.3969274106830236,nan,41.9238683127572,0.41426337363980653,0.3778824216755598,0.0001,30,0.2054041000083089,0.18296080001164228,0.0,0.022386400029063225,163.96954975104515,40910.40266288576
44,1.2350407930557619,1.4005798930493893,nan,42.07818930041152,0.4184966571995738,0.37877489525221286,0.0001,30,0.30460099992342293,0.2821259000338614,0.0,0.022436799947172403,106.33550480972974,26530.70845002757
45,1.2281832071010002,1.386537948263035,nan,44.135802469135804,0.44054770768641155,0.4022803754292766,0.0001,30,0.21980790002271533,0.19727439992129803,0.0,0.022458999999798834,152.07244331737115,37942.0746076841
46,1.2217783095124728,1.3821799799248025,nan,43.93004115226338,0.4372615405300313,0.3985477193122752,0.0001,30,0.21015520009677857,0.18576090002898127,0.0,0.024339299998246133,161.49792553395028,40293.7324207206
47,1.2238713192159363,1.3814125247452975,nan,43.82716049382716,0.4366290141211485,0.39673440944445876,0.0001,30,0.2009715000167489,0.17839099990669638,0.0,0.022525200038217008,168.16991897400015,41958.39478401304
48,1.2144394015023607,1.3753266202078924,nan,44.34156378600823,0.4430969689569606,0.4026978356510332,0.0001,30,0.21501269994769245,0.1925723000895232,0.0,0.022386800032109022,155.78564511123133,38868.51845525221
49,1.2067859584996918,1.360768154324818,nan,45.83333333333333,0.45914069994107987,0.41669410949418856,0.0001,30,0.21410610002931207,0.19107629999052733,0.0,0.022977399989031255,157.0053428996022,39172.83305345075
50,1.2048738762945355,1.3546128954907013,92.55,45.73045267489712,0.4587963553802408,0.4158957311900418,0.0001,30,0.22428860003128648,0.177806599996984,0.02415200008545071,0.02227610000409186,168.72264584390493,42096.30013805428
51,1.201076044555338,1.3493647923685395,nan,46.39917695473251,0.4688356001560224,0.42688527747658034,0.0001,30,0.20527209993451834,0.1829279001103714,0.0,0.022145799943245947,163.9990399600017,40917.760470020425
52,1.185833318630058,1.3532675421287004,nan,45.83333333333333,0.4613266004031066,0.41883404464337054,0.0001,30,0.21001879998948425,0.18376599997282028,0.0,0.0261975999455899,163.2510910856041,40731.147225858214
53,1.1866392930667242,1.3488819270467562,nan,47.016460905349795,0.4738299223247789,0.4291927547150221,0.0001,30,0.22518439998384565,0.19747050001751631,0.0,0.027670799987390637,151.92142622487356,37904.39584310596
54,1.1787716137861202,1.333618297988986,nan,47.58230452674897,0.48364749194397805,0.43866845605722693,0.0001,30,0.2040214000735432,0.17970570002216846,0.0,0.024260699981823564,166.9396129132198,41651.43342184834
55,1.1751519872892198,1.333197084964548,nan,47.788065843621396,0.48207689765999034,0.4373717094452914,0.0001,30,0.2038783999159932,0.18167399999219924,0.0,0.022149399970658123,165.13094884952247,41200.17173795586
56,1.1730689944309955,1.3305773833161028,nan,48.5082304526749,0.4920213337138991,0.44451974250949805,0.0001,30,0.21439430001191795,0.19195290002971888,0.0,0.02240029990207404,156.28833945908235,38993.94069504104
57,1.1639632710474048,1.326059763323623,nan,49.17695473251029,0.4994331561414116,0.44986337459517656,0.0001,30,0.21114639996085316,0.18840100010856986,0.0,0.022674900013953447,159.23482350259232,39729.088463896784
58,1.1553856270267076,1.3163398185384616,nan,50.10288065843621,0.5092624958905606,0.46053903738792323,0.0001,30,0.20229459996335208,0.1798147999215871,0.0,0.022423599963076413,166.83832483801265,41626.16204708415
59,1.153686292376929,1.3063248332145283,nan,51.23456790123457,0.5238975899754724,0.4705130296767094,0.0001,30,0.21602439996786416,0.19151669996790588,0.0,0.024463200010359287,156.64430310791363,39082.75362542445
60,1.1512013360828102,1.3071554246753332,94.1,50.97736625514403,0.5219853867032829,0.46780033347789307,0.0001,30,0.2524234999436885,0.2063733000541106,0.024026699946261942,0.02198239997960627,145.3676419969738,36269.22667824496
61,1.141805199758164,1.2959901231797144,nan,51.697530864197525,0.5296822867601397,0.47550189962563144,0.0001,30,0.21024260006379336,0.18395880004391074,0.0,0.026090400060638785,163.07999395972922,40688.45849295244
62,1.1402039690979657,1.2993049518561657,nan,51.64609053497943,0.5284624135818861,0.4746319996175986,0.0001,30,0.2935158999171108,0.2714169999817386,0.0,0.022055699955672026,110.53102790915251,27577.491463333554
63,1.1343055811418878,1.2933654127788152,nan,51.95473251028807,0.5315991107814699,0.4769711779695574,0.0001,30,0.19922569999471307,0.17496850003954023,0.0,0.024204700021073222,171.459434087967,42779.128804947766
64,1.1283219427766207,1.2944172920022972,nan,52.36625514403293,0.5382931117261752,0.4836694157503266,0.0001,30,0.20087459997739643,0.17823790002148598,0.0,0.022580099990591407,168.31437082900774,41994.43552183743
65,1.1291544664519264,1.2851442196732195,nan,52.674897119341566,0.5412943388076518,0.48922111694530757,0.0001,30,0.2021029000170529,0.17966379993595183,0.0,0.022385000018402934,166.97854554281201,41661.1471129316
66,1.1194159804620023,1.2834529209529422,nan,53.39506172839506,0.5484308295093789,0.49614090826285384,0.0001,30,0.19695979997050017,0.17478480003774166,0.0,0.02212919993326068,171.63963910776013,42824.08995738615
67,1.1146641286596426,1.2762122522165746,nan,54.32098765432099,0.5603097550877971,0.5032803448513115,0.0001,30,0.22444809996522963,0.2000150999519974,0.0,0.02438109996728599,149.98867589096946,37422.17463479688
68,1.1167190839389045,1.2786091796655223,nan,54.269547325102884,0.5581499292695955,0.500780533916896,0.0001,30,0.19691219995729625,0.17484739993233234,0.0,0.02201209997292608,171.5781876745682,42808.757824804765
69,1.104206569002084,1.2733788024250863,nan,54.681069958847736,0.5645873782316857,0.5070991629578087,0.0001,30,0.2009392000036314,0.17560219997540116,0.0,0.025295100058428943,170.84068425226155,42624.75072093926
70,1.0981420776409234,1.2647951596067766,94.75,54.93827160493827,0.5665793466035444,0.5109690614666517,0.0001,30,0.23693640006240457,0.18755159992724657,0.026629299973137677,0.022709400043822825,159.95598017632133,39909.01705399217
71,1.092360928318225,1.2631781709537584,nan,55.50411522633745,0.5730288672380054,0.5129814014572753,0.0001,30,0.2099016000283882,0.18760740000288934,0.0,0.022110600024461746,159.90840446345916,39897.14691363306
72,1.091710844307481,1.2517539292206,nan,56.17283950617284,0.5816144245976057,0.5239292238243247,0.0001,30,0.20799500006251037,0.1851780000142753,0.0,0.02277070004492998,162.00628583140173,40420.56831493473
73,1.0865223396596864,1.2512163537029377,nan,56.84156378600823,0.5880567600647755,0.5304192910432559,0.0001,30,0.2187725999392569,0.19117230002302676,0.0,0.027555399923585355,156.92650031613624,39153.16182887599
74,1.0844883400038552,1.2469477653503418,nan,56.89300411522634,0.5902983774413906,0.5288962133126609,0.0001,30,0.2234735001111403,0.1953356999438256,0.0,0.028093700064346194,153.58175698874996,38318.64836869311
75,1.0800090924851005,1.2388978843335752,nan,57.56172839506173,0.597550287952247,0.5376421332580569,0.0001,30,0.20812440000008792,0.18168559996411204,0.0,0.026384799974039197,165.12040583252517,41197.54125521503
76,1.0741496688617256,1.2340446843041315,nan,57.92181069958847,0.6013109289775811,0.5405962597268938,0.0001,30,0.21802629996091127,0.19613830000162125,0.0,0.02183290000539273,152.95329876802248,38161.84804262161
77,1.0769462443066982,1.2363504804210899,nan,57.458847736625515,0.5946292290013828,0.5345038603168656,0.0001,30,0.2247195999370888,0.2027292000129819,0.0,0.021948699955828488,147.98065595917575,36921.17366181435
78,1.06667558078218,1.2328804952126962,nan,58.1275720164609,0.6038690539735538,0.5435737534316597,0.0001,30,0.20734389999415725,0.17991379997693002,0.0,0.027339200023561716,166.7465197436041,41603.256676029225
79,1.06288417876364,1.2303898486580869,nan,58.07613168724279,0.6030072542777482,0.5412284616260076,0.0001,30,0.22397910000290722,0.19954139995388687,0.0,0.02439459995366633,150.34474052468744,37511.012760909514
80,1.0559886708606778,1.2238170610043246,95.55,59.053497942386834,0.6137110377614059,0.5508733117046056,0.0001,30,0.3274700000183657,0.2801640999969095,0.023779200040735304,0.023474300047382712,107.0801005565343,26716.48508885531
81,1.0579398652913177,1.2206911883727023,nan,59.25925925925925,0.6169957954619697,0.5545776643652368,0.0001,30,0.20254590001422912,0.18032369995489717,0.0,0.02202290005516261,166.367482518957,41508.68688847977
82,1.04785498886325,1.2212190387670885,nan,59.053497942386834,0.6148099528600544,0.5519168358845932,0.0001,30,0.21265140001196414,0.19032829999923706,0.0,0.022281300043687224,157.6223819585435,39326.7842986566
83,1.050333353974617,1.2180930238692358,nan,59.61934156378601,0.6203723521300861,0.5544714830826006,0.0001,30,0.1993396000470966,0.17711359995882958,0.0,0.022171100019477308,169.38281423320151,42261.01215118378
84,1.0410624324917077,1.2143949746104425,nan,60.339506172839506,0.627723363314094,0.5672445712609501,0.0001,30,0.23155300004873425,0.20549650001339614,0.0,0.026003299979493022,145.98788786205276,36423.97802158217
85,1.0438730831057053,1.2146921403123518,nan,60.13374485596707,0.6256921633487923,0.5637204730860533,0.0001,30,0.2045422000810504,0.18196800001896918,0.0,0.022522300016134977,164.86415192161624,41133.60590444325
86,1.0378735313195742,1.2066156103777788,nan,59.927983539094654,0.6234820396865286,0.5579328699202817,0.0001,30,0.20956139999907464,0.18730290001258254,0.0,0.02218259999062866,160.16836897872204,39962.00806019115
87,1.0308344573359849,1.1978068263442427,nan,60.95679012345679,0.6349696056003336,0.5746715682552842,0.0001,30,0.22037819994147867,0.1981211999664083,0.0,0.022215199889615178,151.42246263946785,37779.90442854723
88,1.0309874286154708,1.191901801544943,nan,61.419753086419746,0.6393437654568297,0.5765633852345533,0.0001,30,0.20254319999367,0.18039950006641448,0.0,0.022060699993744493,166.2975783688726,41491.245803033715
89,1.025500789832177,1.1875798908280737,nan,61.471193415637856,0.639162383881261,0.5773507290670692,0.0001,30,0.2284440000075847,0.20623190002515912,0.0,0.022160000051371753,145.46731129539208,36294.094168200325
90,1.019663116083037,1.1895929226659454,95.39999999999999,61.882716049382715,0.6435968168372345,0.582081006943318,0.0001,30,0.24775720003526658,0.20197319996077567,0.02402419992722571,0.021715500042773783,148.5345580791222,37059.372240740995
91,1.0135779179647595,1.1874451691231118,nan,61.62551440329218,0.642561971171953,0.5802918386204625,0.0001,30,0.20367560000158846,0.1814489000244066,0.0,0.022051300038583577,165.3358052650896,41251.28341363985
92,1.0106219445615907,1.1779464851191015,nan,63.065843621399175,0.6566938265427968,0.5958417597178074,0.0001,30,0.2045721000758931,0.18217869999352843,0.0,0.022348300088196993,164.67347720159216,41086.03256179724
93,1.0111078927257338,1.1804829443433158,nan,62.39711934156379,0.6495530699536346,0.5870833096399732,0.0001,30,0.21650470001623034,0.19394279993139207,0.0,0.022509800037369132,154.68478340321272,38593.85345910157
94,1.0091637407849452,1.175942365034127,nan,63.065843621399175,0.6568642239170469,0.5982874067899149,0.0001,30,0.20470700005535036,0.18256210000254214,0.0,0.022090299986302853,164.32764522089883,40999.747482614264
95,1.0004352345017489,1.1712629706771285,nan,63.73456790123457,0.6641423492402833,0.6054635974244932,0.0001,30,0.23729319998528808,0.21019520005211234,0.0,0.027056499966420233,142.7244770221313,35609.75701702176
96,1.0002511089693806,1.1768181775332478,nan,62.96296296296296,0.6568853723214826,0.5948872145079432,0.0001,30,0.23294360004365444,0.20841979992110282,0.0,0.024478000006638467,143.94025908937866,35913.09464279997
97,0.9991799800333853,1.1658535057625161,nan,63.83744855967078,0.6654704237175902,0.6055231643667133,0.0001,30,0.2349726000102237,0.21277230000123382,0.0,0.022145200055092573,140.99579691447636,35178.45133016185
98,0.9943196675900069,1.1663842770297832,nan,63.63168724279835,0.6630565707440597,0.6045024557239388,0.0001,30,0.283386200084351,0.25882310001179576,0.0,0.02447439997922629,115.90928320784644,28919.366160357687
99,0.9907355717523303,1.1620298628944428,nan,64.09465020576131,0.6679565466167287,0.6104138745089732,0.0001,30,0.2337129000807181,0.21152889996301383,0.0,0.022130100056529045,141.82459231455158,35385.23578248062
100,0.9851790824570335,1.1488894886440701,95.7,64.60905349794238,0.6731791093749815,0.6137928423742773,0.0001,30,0.2234104999806732,0.17109189997427166,0.02437680005095899,0.027855100110173225,175.34436174074472,43748.4182543158
101,0.9857048615026888,1.1485312063507582,nan,64.55761316872429,0.6732288815396202,0.6163838570366589,0.0001,30,0.21881430002395064,0.19612019998021424,0.0,0.0225069000152871,152.96741489671425,38165.3700167302
102,0.9799445084436145,1.1576940306910761,nan,63.991769547325106,0.6671971816587808,0.6041045585823186,0.0001,30,0.20122649997938424,0.17915770004037768,0.0,0.0220166000071913,167.45024072779873,41778.835061585785
103,0.9711540555826568,1.1486026632442397,nan,64.81481481481481,0.6749995323093763,0.6146846310580147,0.0001,30,0.21836800000164658,0.19530000002123415,0.0,0.023014199919998646,153.6098310124845,38325.652837614885
104,0.9758750298378384,1.1496059492291737,nan,64.7119341563786,0.6741418169384026,0.6152251924328062,0.0001,30,0.2136985999532044,0.1913699998985976,0.0,0.022274999995715916,156.7643832152181,39112.71361219691
105,0.971928971834635,1.142463176338761,nan,65.22633744855966,0.680530665570443,0.6201154309268496,0.0001,30,0.2021021000109613,0.1801409999607131,0.0,0.021916300058364868,166.53621333590183,41550.78522730751
106,0.9670635191695086,1.1431163348288202,nan,65.3292181069959,0.680025862545324,0.6195705550710172,0.0001,30,0.20589670003391802,0.17723239993210882,0.0,0.028619299991987646,169.26927588574037,42232.68433349222
107,0.9658425921826818,1.1408344992884882,nan,65.3292181069959,0.6812828407637871,0.6197068514399624,0.0001,30,0.2234479000326246,0.20137200003955513,0.0,0.022024199948646128,148.9780108163357,37170.01369867576
108,0.9624083007504801,1.1337090480474779,nan,66.71810699588477,0.6953196003011668,0.642801022116976,0.0001,30,0.19866260001435876,0.17637969995848835,0.0,0.022231000009924173,170.08760082402122,42436.856405593295
109,0.9575998536490884,1.1305565421963915,nan,66.10082304526749,0.6887444119891185,0.6301306239838296,0.0001,30,0.21243630000390112,0.18997870001476258,0.0,0.022405400057323277,157.91243964543818,39399.15369153683
110,0.9606467569519379,1.1244861785276437,95.7,67.28395061728395,0.70103009876692,0.646413711712631,0.0001,30,0.2313649000134319,0.17299490002915263,0.02984949992969632,0.028467099997214973,173.4155168443953,43267.17145267663
111,0.9562602495940112,1.1208534696955739,nan,66.51234567901234,0.6936807247151859,0.6333097344326589,0.0001,30,0.2108627000125125,0.18837969994638115,0.0,0.022298899944871664,159.2528282428465,39733.580646590206
112,0.9540476237923285,1.1267444312327193,nan,66.92386831275721,0.6974104590275052,0.6408255752618276,0.0001,30,0.2211561999283731,0.198801500024274,0.0,0.02229939994867891,150.9042939632596,37650.62134383326
113,0.9473239911263516,1.1193678894160706,nan,66.9753086419753,0.6984922602756627,0.6412466579874772,0.0001,30,0.20537110010627657,0.18289100006222725,0.0,0.02242709998972714,164.03212837041042,40926.0160284174
114,0.9448325583595552,1.1144521231513946,nan,67.23251028806584,0.7000488855469736,0.646092773571357,0.0001,30,0.21413980005308986,0.1919232999207452,0.0,0.022161500062793493,156.31244362924414,38999.954685496414
115,0.941053710512583,1.1159991384043124,nan,66.82098765432099,0.6962736514995475,0.6356581315657226,0.0001,30,0.2237629999872297,0.19930330000352114,0.0,0.02440489991568029,150.52435157606513,37555.825718228254
116,0.9363160349563033,1.1025030608039825,nan,68.10699588477365,0.7095209513263075,0.6530959545553464,0.0001,30,0.2815864000003785,0.25355010002385825,0.0,0.02797089994419366,118.31981133975927,29520.792929269937
117,0.9425283751889078,1.104205061378793,nan,68.00411522633745,0.7075068066204391,0.6539759636563569,0.0001,30,0.22100119991227984,0.19873070006724447,0.0,0.022218199912458658,150.95805524686878,37664.03478409376
118,0.940965998021459,1.0961999397709536,nan,68.51851851851852,0.714878796049695,0.6598132537640884,0.0001,30,0.21814839995931834,0.19575299997814,0.0,0.022332499967887998,153.25435627219068,38236.961889911574
119,0.929362402244178,1.0948896903559995,nan,68.51851851851852,0.7143519722476632,0.6602188063633295,0.0001,30,0.19968969991896302,0.1748670000815764,0.0,0.02476629999000579,171.5589561552771,42803.959560741634
120,0.9305171460410955,1.0852982168825565,96.15,69.1358024691358,0.720410726563487,0.6677176118756127,0.0001,30,0.2592525000218302,0.21135370002593845,0.026097299996763468,0.02175900002475828,141.94215666117148,35414.56808696229
121,0.9269306730730341,1.0985930667492587,nan,68.15843621399176,0.7090618695048971,0.655236260648288,0.0001,30,0.20597140002064407,0.18348890007473528,0.0,0.022288299980573356,163.49762840030627,40792.658285876416
122,0.923361614854159,1.0934552910887165,nan,68.10699588477365,0.7095756349571516,0.6540827232225712,0.0001,30,0.21177449997048825,0.184324000030756,0.0,0.027395299985073507,162.7568845890619,40607.84270497095
123,0.9261881953489804,1.0857247403619712,nan,68.51851851851852,0.7137909881873405,0.6601642593235704,0.0001,30,0.22116930002812296,0.19856049993541092,0.0,0.022566600004211068,151.0874519844511,37696.31927012055
124,0.9159235668007183,1.08643804852364,nan,68.4156378600823,0.7107929840172906,0.6591625866443174,0.0001,30,0.2304578999755904,0.20563330000732094,0.0,0.024771500029601157,145.89076768661468,36399.746537810366
125,0.9163847725950406,1.0834476643629034,nan,69.0843621399177,0.7193397480033722,0.668244972957091,0.0001,30,0.2358477000379935,0.21063710004091263,0.0,0.025155200040899217,142.4250523491494,35535.050561112774
126,0.9138345513888495,1.0805784032178023,nan,69.54732510288066,0.7243618543067325,0.6719152255581106,0.0001,30,0.2186347000533715,0.1958570999559015,0.0,0.022735900012776256,153.17290007232157,38216.63856804423
127,0.9177378887563207,1.0787815802381853,nan,69.03292181069959,0.7182635674274123,0.6669157228963815,0.0001,30,0.215634600026533,0.19327680009882897,0.0,0.02231320005375892,155.21780153986398,38726.84148419606
128,0.9056256373006659,1.0727820970393993,nan,69.44444444444444,0.7238382551704186,0.6714601205768271,0.0001,30,0.2456116999965161,0.2210738998837769,0.0,0.02447030006442219,135.7012293887773,33857.45673249994
129,0.906031625638744,1.0745439740365426,nan,69.44444444444444,0.7236918204384908,0.6713178754693229,0.0001,30,0.2182924000080675,0.19592850003391504,0.0,0.022322600008919835,153.11708094946385,38202.71169689123
130,0.9060602656267608,1.0734223470766358,96.55,69.1358024691358,0.7191007616012183,0.6668453047264727,0.0001,30,0.2346272999420762,0.1889330999692902,0.023788999998942018,0.021855299943126738,158.78636408800944,39617.19783995836
131,0.8986401321016795,1.0760114109565202,nan,69.29012345679013,0.7211215077436762,0.669729003613329,0.0001,30,0.2085439000511542,0.1860744000878185,0.0,0.022269900073297322,161.22583217165493,40225.8451268279
132,0.8941287685013964,1.0633207741097659,nan,69.49588477366255,0.7218627296237052,0.6719914253803143,0.0001,30,0.19645010004751384,0.17418059997726232,0.0,0.02221389999613166,172.23502504823284,42972.6387495341
133,0.8967894470604085,1.0688583620291188,nan,69.95884773662551,0.7283430705815924,0.6783079674151523,0.0001,30,0.2295701999682933,0.20499660004861653,0.0,0.02451150002889335,146.3438905468933,36512.80069144988
134,0.8972574915500506,1.0620032700982114,nan,69.44444444444444,0.7212640473715467,0.6699537370910839,0.0001,30,0.29741130000911653,0.2746282999869436,0.0,0.022729999967850745,109.23855990597569,27255.020696540934
135,0.8897502318094314,1.056504572369925,nan,70.88477366255144,0.7356823598389817,0.6901215361222087,0.0001,30,0.21022309991531074,0.1830824000062421,0.0,0.027087900089100003,163.86064416337763,40883.230718762716
136,0.8905713156054795,1.0598951435874029,nan,70.21604938271605,0.7292149356639607,0.6801451246267711,0.0001,30,0.21538019995205104,0.1888225000584498,0.0,0.0265128999017179,158.87937078851053,39640.40301173338
137,0.892478055243661,1.0513254286330422,nan,70.47325102880659,0.732783860954409,0.6842057421735175,0.0001,30,0.21190540003590286,0.18941310001537204,0.0,0.02241520001552999,158.3839765970005,39516.80216095162
138,0.8813679415381743,1.0497910691877452,nan,70.31893004115226,0.7295792669946002,0.6820324128967273,0.0001,30,0.20223110006190836,0.17935589991975576,0.0,0.02281400002539158,167.2651973724983,41732.66674443833
139,0.8785681386111813,1.0452223736562847,nan,70.42181069958848,0.7305373224068766,0.6829935626051682,0.0001,30,0.25470919988583773,0.22717630001716316,0.0,0.027479700045660138,132.05602872189354,32947.97916611243
140,0.8856992352860883,1.054026173466027,96.39999999999999,69.75308641975309,0.7232334445403636,0.6749714351212245,0.0001,30,0.23936999996658415,0.1894404999911785,0.027912700083106756,0.021962799946777523,158.36106852229054,39511.08659631149
141,0.8754841757123281,1.045189970314748,nan,70.57613168724279,0.7315416769064977,0.6853310842598437,0.0001,30,0.2333064000122249,0.20881700003519654,0.0,0.024304599966853857,143.66646391310783,35844.7827463204
142,0.8733218353114769,1.0430853661195731,nan,71.03909465020575,0.7358751422475304,0.6901248597010202,0.0001,30,0.2052832000190392,0.18308069999329746,0.0,0.02214110002387315,163.86216570669816,40883.61034382119
143,0.8708668026194704,1.0403309928046331,nan,71.3477366255144,0.7401003724504758,0.6949650060202192,0.0001,30,0.2121224000584334,0.1846161000430584,0.0,0.02745150006376207,162.49937027703996,40543.59288412147
144,0.8719258035033564,1.0430323400615173,nan,70.57613168724279,0.7308891898956524,0.6853336029632836,0.0001,30,0.21909789997152984,0.19685549999121577,0.0,0.02219889999832958,152.39604685334513,38022.81368990961
145,0.8654655077732956,1.0432167465304152,nan,70.78189300411523,0.7344866148246705,0.6862685416623792,0.0001,30,0.20853489998262376,0.1860270999604836,0.0,0.022453299956396222,161.26682621173305,40236.07313982739
146,0.8640761816748477,1.032198004761841,nan,71.81069958847736,0.7448300419345916,0.699418382000425,0.0001,30,0.2237635999917984,0.20139950001612306,0.0,0.0223127999342978,148.9576687012547,37164.938340963046
147,0.8582194682909954,1.0322346339009918,nan,72.0679012345679,0.7453427060009234,0.705080670832277,0.0001,30,0.20132170000579208,0.17884730000514537,0.0,0.022420499939471483,167.74086049460578,41851.34469340415
148,0.8565018995411808,1.0263872803974543,nan,72.27366255144034,0.7483161674706523,0.706423879490021,0.0001,30,0.19912950007710606,0.17697699996642768,0.0,0.022111000027507544,169.51355264068755,42293.63138385155
149,0.8563978636909821,1.0228410159609445,nan,71.50205761316872,0.7385666178842414,0.6969852020015486,0.0001,30,0.2216954999603331,0.199557299958542,0.0,0.022097299923188984,150.33276159896178,37508.02401894097
150,0.859247629859086,1.0308472359621967,96.45,71.19341563786008,0.7370378031180211,0.6929698826696384,0.0001,30,0.21813269995618612,0.17196450009942055,0.024005600018426776,0.0220905999885872,174.45461117065224,43526.42548707774
151,0.8541721047284847,1.022862066457301,nan,72.8395061728395,0.7540456357642966,0.7130703457380834,0.0001,30,0.20795940002426505,0.1859241999918595,0.0,0.021830599987879395,161.35607952764363,40258.341842147085
152,0.8557882900387745,1.0192291638488142,nan,72.42798353909465,0.7496642645967045,0.7080114612606891,0.0001,30,0.28498730005230755,0.26241780002601445,0.0,0.022498800070025027,114.3215132396735,28523.217553298535
153,0.8433956792693816,1.0225867553012362,nan,71.65637860082305,0.7405379317681834,0.6979277097310688,0.0001,30,0.2245579999871552,0.20226039993576705,0.0,0.022252999944612384,148.3236461983031,37006.74972647662
154,0.843895036041856,1.0206334561477473,nan,72.47942386831275,0.748033572065648,0.7083835548836738,0.0001,30,0.22366310004144907,0.20146150002256036,0.0,0.022126900032162666,148.9118268087972,37153.5007887949
155,0.8414362301170308,1.0117587891135196,nan,72.7366255144033,0.7509476440840787,0.712089370951783,0.0001,30,0.20819829998072237,0.18112510000355542,0.0,0.02701700001489371,165.6313785301491,41325.028943272206
156,0.8398218247997179,1.007247742311454,nan,72.99382716049382,0.7531389009811605,0.7145314804501416,0.0001,30,0.21857489994727075,0.19095269998069853,0.0,0.02757260005455464,157.10696943815088,39198.18887481865
157,0.8444283434527671,1.0099087497334422,nan,72.22222222222221,0.7473685445499978,0.7053821853480293,0.0001,30,0.23018559999763966,0.20776360004674643,0.0,0.022377499961294234,144.39487953255554,36026.5224433726
158,0.8408566421720292,0.9992485350542107,nan,73.4567901234568,0.758131968909418,0.7207769133925476,0.0001,30,0.2097208999330178,0.18732159992214292,0.0,0.022345899953506887,160.15237971738975,39958.01873948874
159,0.8321360945383071,1.0086153112811806,nan,72.63374485596708,0.7492194887961429,0.7101265099010667,0.0001,30,0.2090506999520585,0.1864238999551162,0.0,0.022583000012673438,160.9235726064247,40150.43136530297
160,0.8339764701340624,0.9952137170995704,96.75,73.559670781893,0.7591023083470972,0.721568866283305,0.0001,30,0.2465453000040725,0.19750350003596395,0.024414699990302324,0.024568399996496737,151.89604232095743,37898.062559078884
161,0.8290720379822399,1.0050765432938626,nan,72.58230452674897,0.7506002886681858,0.7085866088152433,0.0001,30,0.21197649999521673,0.18895049998536706,0.0,0.022781700012274086,158.77174181768927,39613.54958351347
162,0.8314041624566119,0.9984040456544224,nan,73.04526748971193,0.7525960250435897,0.7154538242984976,0.0001,30,0.23175369994714856,0.2054780999897048,0.0,0.026227799942716956,146.0009606936365,36427.23969306231
163,0.8276289242621494,0.9931900143132779,nan,73.71399176954732,0.7593008498581206,0.7231970209827433,0.0001,30,0.20991810003761202,0.1860864000627771,0.0,0.023784399963915348,161.2154353562612,40223.25112138717
164,0.8214912587113594,1.0022143670070318,nan,73.25102880658436,0.7529426275706959,0.7190559542973958,0.0001,30,0.24376320000737906,0.21999270003288984,0.0,0.023716900032013655,136.36816128678302,34023.85624105237
165,0.8188413052934762,0.9877546731336617,nan,73.40534979423869,0.7573077927372847,0.7186002229782459,0.0001,30,0.22528080001939088,0.19997080008033663,0.0,0.025231200037524104,150.0219031375968,37430.4648328304
166,0.8139764941447404,0.9879596542429041,nan,74.1769547325103,0.7625574481924424,0.7298958998931473,0.0001,30,0.21364749991334975,0.18601920001674443,0.0,0.027573699946515262,161.27367496096943,40237.78190276187
167,0.8153747926653427,0.9828525855217451,nan,74.02263374485597,0.7613767066653345,0.7271547143947744,0.0001,30,0.23388150008395314,0.21164870006032288,0.0,0.022177200065925717,141.7443149494874,35365.20657989711
168,0.8197328855932435,0.9850508808599088,nan,74.1769547325103,0.7633192243243003,0.7288184017863533,0.0001,30,0.19503469998016953,0.1727393000619486,0.0,0.02223780006170273,173.6721174002746,43331.193291368516
169,0.8140702230737619,0.9894052223904143,nan,73.81687242798354,0.7605447354507728,0.7242635546931695,0.0001,30,0.19669389992486686,0.17416900000534952,0.0,0.022470699972473085,172.24649621389895,42975.50080536779
170,0.8107640670073694,0.9838704057191134,96.75,73.4567901234568,0.7556448226773196,0.7213715828711116,0.0001,30,0.29663460003212094,0.17458909994456917,0.09462320001330227,0.027369000017642975,171.8320330967099,42872.09225762912
171,0.8163769164241467,0.9766601574273757,nan,74.74279835390946,0.7670909805203814,0.7366862312442716,0.0001,30,0.2387493000132963,0.2139018999878317,0.0,0.024644199991598725,140.25120862276873,34992.6765513808
172,0.8107474540740391,0.9695380293292764,nan,74.58847736625515,0.7653938028892819,0.7350183449454823,0.0001,30,0.2026099000358954,0.17846490000374615,0.0,0.024102400057017803,168.10028190064418,41941.02033421072
173,0.8108738853442485,0.9785417166266421,nan,74.33127572016461,0.7641322516544267,0.7311266389771915,0.0001,30,0.1950596000533551,0.17277109995484352,0.0,0.022242799983359873,173.640151667964,43323.21784115702
174,0.8031454728775687,0.9689957855169665,nan,74.63991769547324,0.7683001453080618,0.7341921016529376,0.0001,30,0.21735869999974966,0.19283040007576346,0.0,0.02447449997998774,155.57712885630554,38816.49364964823
175,0.8053711569301272,0.9735245670310755,nan,74.07407407407408,0.7607075271301851,0.7288692054672604,0.0001,30,0.2264877000125125,0.20167430001311004,0.0,0.024758400046266615,148.75470001903972,37114.29765475041
176,0.8015429312337138,0.9697429569660391,nan,74.69135802469135,0.7672617002617181,0.7353504595779875,0.0001,30,0.21987829997669905,0.19356130005326122,0.0,0.026255899923853576,154.98965956389557,38669.920061191944
177,0.7953996638178268,0.9618627627690634,nan,75.20576131687243,0.7727178591792846,0.7408256059233813,0.0001,30,0.20215749996714294,0.1795555999269709,0.0,0.02255729993339628,167.0791666325174,41686.25207481309
178,0.7993115404883304,0.9723605471873971,nan,74.1769547325103,0.7601246078133369,0.7307440780876755,0.0001,30,0.21199119999073446,0.1893711999291554,0.0,0.022565299994312227,158.4190204805331,39525.54560989301
179,0.7956405165120611,0.9591788161438679,nan,74.69135802469135,0.7663060355462433,0.7363172835176786,0.0001,30,0.1989114999305457,0.17635530000552535,0.0,0.02250389999244362,170.1111335982535,42442.72783276425
180,0.7946628539261216,0.9596817076451494,96.5,75.46296296296296,0.774483676371187,0.7448221368641773,0.0001,30,0.2545412000035867,0.20813990000169724,0.024042699951678514,0.0223087000194937,144.1338253730081,35961.38943056552
181,0.7900421261707783,0.9585030059265011,nan,74.8971193415638,0.7681933351856554,0.7377204750715971,0.0001,30,0.2193510999204591,0.19670339999720454,0.0,0.02245839999523014,152.51388639152322,38052.21465468504
182,0.7894800641414079,0.9539892707832556,nan,75.66872427983539,0.7746896836721231,0.7482034973187789,0.0001,30,0.22325979999732226,0.2011414000298828,0.0,0.022063700016587973,149.14880773198863,37212.62752913116
183,0.785368499321068,0.9570652869503193,nan,75.41152263374485,0.7732320775634627,0.7445653038662613,0.0001,30,0.22678010002709925,0.20186849997844547,0.0,0.02485809999052435,148.6115961787166,37078.59324658979
184,0.7889863153895936,0.9541926693033289,nan,74.79423868312757,0.7673153492567131,0.7369354354065197,0.0001,30,0.20089180010836571,0.17869920004159212,0.0,0.022136100102216005,167.87987855019787,41886.02969827437
185,0.7827824384193064,0.9540546514369823,nan,75.1028806584362,0.7691347189577626,0.7410704458038972,0.0001,30,0.2174061998957768,0.19235610007308424,0.0,0.025009300094097853,155.96074150287788,38912.20500496803
186,0.7789213114367697,0.9445063896139954,nan,75.8230452674897,0.776516388705863,0.7487956534590383,0.0001,30,0.2266755000455305,0.2043668000260368,0.0,0.022267800057306886,146.79488055876948,36625.32269941299
187,0.7735841184993864,0.9441111872716205,nan,76.13168724279835,0.7802971038389386,0.7528874849939354,0.0001,30,0.19889030000194907,0.17614859994500875,0.0,0.022687099990434945,170.31074904578065,42492.531886922276
188,0.7814850584299626,0.9424817880975856,nan,76.4917695473251,0.7824522213160431,0.757585006157721,0.0001,30,0.3894378000404686,0.3658686999697238,0.0,0.023511899984441698,81.99662885205142,20458.15889858683
189,0.7740181094658877,0.9456157252621749,nan,75.87448559670781,0.7773435725575006,0.7498456369011111,0.0001,30,0.21176490001380444,0.18802380003035069,0.0,0.02368179999757558,159.55426916782565,39808.7901573725
190,0.7711140417702292,0.9433105080216019,96.6,76.08024691358025,0.7787145165266035,0.7530878812964588,0.0001,30,0.2653368000173941,0.21725420001894236,0.024784800014458597,0.02324489993043244,138.08708875310262,34452.7286438991
191,0.7732062728944905,0.9394497694792571,nan,76.23456790123457,0.7795085385645371,0.7546385288797519,0.0001,30,0.20605149993207306,0.18167760001961142,0.0,0.024128800025209785,165.12767670181472,41199.35533710277
192,0.7728515841280849,0.93886313173506,nan,75.92592592592592,0.7766775856640467,0.7511369168273031,0.0001,30,0.21607239998411387,0.19015209993813187,0.0,0.025865099974907935,157.76843910617256,39363.22555699006
193,0.7709754516700943,0.9428502218222913,nan,75.1028806584362,0.7689041611775078,0.741057035792701,0.0001,30,0.20927290001418442,0.185764400055632,0.0,0.023454300011508167,161.49488271711758,40292.973237920836
194,0.7661517169687377,0.9464355618865402,nan,75.56584362139918,0.7722888256388176,0.7475559158452523,0.0001,30,0.20039710006676614,0.1779106999747455,0.0,0.02243610005825758,168.62392202525487,42071.66854530109
195,0.7655807554522752,0.94150211585402,nan,75.36008230452676,0.7698741500729558,0.7452025239146345,0.0001,30,0.20151040004566312,0.1789483999600634,0.0,0.022506300010718405,167.64609243052865,41827.7000614169
196,0.7664068391741955,0.9244626279721044,nan,76.85185185185185,0.7857151561751572,0.760765537600684,0.0001,30,0.21510239993222058,0.19237980002071708,0.0,0.022682299953885376,155.9415281478063,38907.411272877674
197,0.7626812696138381,0.9298195210994517,nan,76.02880658436214,0.7783232862129325,0.7512047546820746,0.0001,30,0.20741110004018992,0.18455260002519935,0.0,0.022803000058047473,162.55528232007413,40557.542938858496
198,0.7611090950354307,0.927801963723736,nan,76.440329218107,0.781978229225971,0.7564566658167328,0.0001,30,0.19638199999462813,0.17384850000962615,0.0,0.022482300060801208,172.5640428208404,43054.72868379968
199,0.7539452630516363,0.9212168857393932,nan,76.80041152263375,0.7841029471199372,0.761080833185537,0.0001,30,0.20597380003891885,0.18368689995259047,0.0,0.02223150001373142,163.32139095244676,40748.687042635465
200,0.7574890260228174,0.9270458648234238,96.89999999999999,76.95473251028807,0.785572295634305,0.7631891640966276,0.0001,30,0.2839397999923676,0.23317989998031408,0.026343700010329485,0.024364300072193146,128.65602911114,32099.679263229427
201,0.7532263070484281,0.9235424235033891,nan,77.00617283950618,0.784501106055151,0.7648785986595567,0.0001,30,0.20494240010157228,0.18203160003758967,0.0,0.022706700023263693,164.80655003749337,41119.23423435459
202,0.753296897987883,0.9197939879609724,nan,76.69753086419753,0.7830351687862324,0.7599731499842227,0.0001,30,0.2090438000159338,0.18695719994138926,0.0,0.02204199996776879,160.46453417897223,40035.90127765357
203,0.7505300012364257,0.9173519827210854,nan,76.69753086419753,0.7826719606423771,0.7599617199788291,0.0001,30,0.2051309000235051,0.1827327999053523,0.0,0.022356800036504865,164.17413849915673,40961.447555539606
204,0.7485043387852595,0.910522248519301,nan,77.52057613168725,0.791985374015341,0.7685036158828938,0.0001,30,0.2170241998974234,0.19481130002532154,0.0,0.022159499931149185,153.99517377123712,38421.79585592366
205,0.746088793903649,0.9190805556842819,nan,76.85185185185185,0.7830325154623807,0.7628690188926476,0.0001,30,0.20278039993718266,0.175388399977237,0.0,0.027337500010617077,171.0489405450622,42676.71066599302
206,0.7443776119129611,0.9129022884761355,nan,78.13786008230453,0.7961071385114007,0.7765580789238455,0.0001,30,0.30443719995673746,0.2818360000383109,0.0,0.02255579992197454,106.44488282519622,26557.998264886457
207,0.7451265198673179,0.909493456652135,nan,77.67489711934157,0.7923298267595318,0.7708993087752285,0.0001,30,0.2222756000701338,0.20006850000936538,0.0,0.022155100014060736,149.94864258289374,37412.18632443198
208,0.7456279653028082,0.9088243270607151,nan,78.13786008230453,0.7972487005215163,0.7756221473233939,0.0001,30,0.20389779994729906,0.18166590004693717,0.0,0.02218560001347214,165.1383115502077,41202.00873177682
209,0.7403051465212224,0.9042358560326659,nan,77.9320987654321,0.7943238071288349,0.774569510262425,0.0001,30,0.21914209995884448,0.19311450002714992,0.0,0.025981200044043362,155.34825192195464,38759.38885452768
210,0.7356658483156779,0.9050223724341687,96.89999999999999,77.72633744855966,0.7927361158787811,0.7717362004211274,0.0001,30,0.22702830005437136,0.17509949998930097,0.02905999997165054,0.022815800039097667,171.3311574381028,42747.12378080664
211,0.7354422118716345,0.8965768392193955,nan,77.57201646090535,0.792040470593569,0.7698450720748037,0.0001,30,0.23148499999660999,0.20869370002765208,0.0,0.02256790001410991,143.75134465498948,35865.96049141987
212,0.7293811565808798,0.8974590198493299,nan,77.2119341563786,0.7880511869475005,0.76625250311416,0.0001,30,0.21277740004006773,0.1907090999884531,0.0,0.0220164000056684,157.3076481500695,39248.258213442336
213,0.736716279580582,0.8942873046231368,nan,78.03497942386831,0.7962494337736861,0.7748675386207403,0.0001,30,0.19916750001721084,0.17702059994917363,0.0,0.022103199968114495,169.4718016355929,42283.214508080426
214,0.7269017188805457,0.9061740528899456,nan,76.90329218106996,0.7836300865669694,0.7636156384373893,0.0001,30,0.20662609999999404,0.18451480008661747,0.0,0.022056400077417493,162.58858360368376,40565.8516091191
215,0.7297269884394899,0.8981575956069884,nan,78.24074074074075,0.7967134266775778,0.7779673677446173,0.0001,30,0.20265920006204396,0.18034239998087287,0.0,0.022261500009335577,166.35023157716546,41504.38277850278
216,0.7245398080420637,0.8883060241432347,nan,78.44650205761316,0.7988667337026216,0.7800804009642021,0.0001,30,0.20243720000144094,0.17366650002077222,0.0,0.028721699956804514,172.74488745043922,43099.84941888459
217,0.728402379145205,0.888588146908293,nan,78.70370370370371,0.8011679187250895,0.782908951736636,0.0001,30,0.24025999999139458,0.21571070002391934,0.0,0.024507900001481175,139.0751594458384,34699.252281736684
218,0.724291962190079,0.8938935494717256,nan,77.46913580246914,0.7881682054738232,0.7706381518517333,0.0001,30,0.23668640002142638,0.20726519997697324,0.0,0.02936389995738864,144.74209854492187,36113.15358695801
219,0.7237718632560455,0.8978027360429489,nan,77.52057613168725,0.7885921801969454,0.7716160896858549,0.0001,30,0.2289504000218585,0.20218469994142652,0.0,0.026661699987016618,148.3791800699612,37020.605427455324
220,0.7276997823673801,0.8864769788435948,97.2,78.5493827160494,0.8007781597843435,0.7801757915168782,0.0001,30,0.22820650006178766,0.18129720003344119,0.024074400076642632,0.02279429999180138,165.4741495978225,41285.80032465672
221,0.7176268306030141,0.8896799558474694,nan,78.80658436213992,0.8017014606988088,0.7841693969877886,0.0001,30,0.23739030002616346,0.21214650000911206,0.0,0.02471030002925545,141.41171312612485,35282.22242496815
222,0.7190218559725728,0.882998746609001,nan,78.60082304526749,0.800260548581746,0.7814428720006006,0.0001,30,0.23094509996008128,0.20113180007319897,0.0,0.029769100015982985,149.1559265570235,37214.403675977366
223,0.7137367552092813,0.8823665032170928,nan,78.44650205761316,0.7989022336961259,0.7799756370010257,0.0001,30,0.22676929994486272,0.20454519998747855,0.0,0.022173199919052422,146.6668491943907,36593.378874000475
224,0.7135582645097094,0.8764660490883721,nan,78.7551440329218,0.8012536290088701,0.7837561326733262,0.0001,30,0.27648389991372824,0.2533903999719769,0.0,0.02304060000460595,118.3943827521397,29539.398496658858
225,0.7180115496546886,0.8894335816426532,nan,77.57201646090535,0.7893008562094194,0.7715949326729211,0.0001,30,0.21505350002553314,0.19188189995475113,0.0,0.023125300067476928,156.346169216974,39008.36921963502
226,0.7115176211139244,0.8800755346753469,nan,78.5493827160494,0.798117318382832,0.782641661922738,0.0001,30,0.2298148999689147,0.20105020003393292,0.0,0.02871039998717606,149.21646432053612,37229.50784797376
227,0.7083155148174258,0.8723259526515694,nan,78.90946502057614,0.8020998871087913,0.7860584044212761,0.0001,30,0.22809859993867576,0.20306500000879169,0.0,0.024980999995023012,147.73594661168173,36860.11867961459
228,0.7100374238444872,0.8650380912631628,nan,79.4753086419753,0.808078997196886,0.7915831940942245,0.0001,30,0.22327690001111478,0.2004686000291258,0.0,0.022766800015233457,149.64937150078038,37337.5181894447
229,0.7075933298271501,0.8724969811890841,nan,78.85802469135803,0.8021239401238003,0.7856934977436337,0.0001,30,0.21960509999189526,0.1944237999850884,0.0,0.025115699972957373,154.30209677159323,38498.373144512516
230,0.7008028037323503,0.8761645751725499,96.89999999999999,78.44650205761316,0.7971761781114509,0.7810366828914349,0.0001,30,0.2936284999595955,0.23255409998819232,0.03834800003096461,0.02266719995532185,129.0022407754721,32186.05907348029
231,0.7102644968924716,0.8756901212189914,nan,78.49794238683128,0.7982844345168028,0.7817197537578058,0.0001,30,0.219011600012891,0.1965537000214681,0.0,0.02223739994224161,152.6300445970914,38081.196126974304
232,0.7018918063135727,0.8678398941770012,nan,78.90946502057614,0.8021427880390049,0.7855460144645995,0.0001,30,0.2285745000699535,0.2034551000688225,0.0,0.025056399987079203,147.45268115595007,36789.44394840954
233,0.6980308393199363,0.8662897093305862,nan,79.06378600823045,0.8033526810049679,0.7875651543766585,0.0001,30,0.21091020002495497,0.1884012999944389,0.0,0.022453199955634773,159.2345700421681,39729.025225520934
234,0.6990187639145351,0.8621185625531546,nan,79.4753086419753,0.808057131725376,0.7910179335736232,0.0001,30,0.24187540006823838,0.2151168999262154,0.0,0.026700400048866868,139.45905696061038,34795.03471167229
235,0.6951259336554375,0.8685552333117512,nan,78.5493827160494,0.797994391531837,0.7828064214576413,0.0001,30,0.2265864999499172,0.19791650003753603,0.0,0.02860819990746677,151.57907498521004,37818.979208809906
236,0.6926756686820296,0.8705642301849867,nan,78.24074074074075,0.7951557477490047,0.7792252013256997,0.0001,30,0.2665192000567913,0.2269357000477612,0.0,0.03952340001706034,132.19603611809936,32982.91101146579
237,0.6961388714168577,0.8671924528271082,nan,79.3724279835391,0.8069561181888318,0.7904141176548032,0.0001,30,0.24860319995786995,0.22532690002117306,0.0,0.023202799959108233,133.13989584546283,33218.40401344298
238,0.6934411634185271,0.8658293338469517,nan,78.34362139917695,0.7961303004939517,0.7806328103010838,0.0001,30,0.21012039994820952,0.18757730000652373,0.0,0.022489599999971688,159.93406451077308,39903.549095437884
239,0.6944436305112336,0.8531697998321596,nan,79.52674897119341,0.8075263907161885,0.7930124042763288,0.0001,30,0.20437729998957366,0.18171989999245852,0.0,0.02260329993441701,165.08923899498635,41189.76512924909
240,0.6905119351410595,0.8612501017841292,97.05,78.49794238683128,0.7977596038350139,0.7820069225777221,0.0001,30,0.24714579991996288,0.19901019998360425,0.024396599968895316,0.023661799961701035,150.74604217508247,37611.13752268307
241,0.6882582450757125,0.8496750112423681,nan,79.73251028806584,0.8097926997016914,0.7947847322195462,0.0001,30,0.2357934000901878,0.2061865000287071,0.0,0.029372400022111833,145.4993415952215,36302.08572800776
242,0.6931096123470493,0.846914284513811,nan,79.4753086419753,0.8075157376303256,0.791895350828633,0.0001,30,0.33466249995399266,0.3071408000541851,0.0,0.027465399936772883,97.67507278325597,24369.930659422367
243,0.6904800646609279,0.8490106902495334,nan,79.62962962962963,0.8081888192268238,0.7940381527292377,0.0001,30,0.22659679991193116,0.19477129995357245,0.0,0.03177310002502054,154.02679967300668,38429.68651841517
244,0.6882330260518876,0.8425302667382323,nan,79.98971193415639,0.8113159885715922,0.7981392522581013,0.0001,30,0.2633986999280751,0.2361113999504596,0.0,0.027211999986320734,127.05866809605355,31701.13768996536
245,0.6836541189300114,0.8572425297748896,nan,79.11522633744856,0.8032902634814661,0.7887218076166176,0.0001,30,0.25596300000324845,0.22777350002434105,0.0,0.02812949998769909,131.70979063321258,32861.59276298654
246,0.6821320263958806,0.8499027436652792,nan,79.83539094650206,0.811245374213074,0.7955537532401568,0.0001,30,0.20635600003879517,0.18364639999344945,0.0,0.022652899962849915,163.357408591021,40757.673443459746
247,0.6828060100694935,0.8515583688830152,nan,79.4753086419753,0.8067535957570826,0.7924168967393368,0.0001,30,0.2076458000810817,0.18428649997804314,0.0,0.023298799991607666,162.7900036279074,40616.1059051629
248,0.6807227159788709,0.842736000877349,nan,80.04115226337449,0.8124732545807827,0.798288042113164,0.0001,30,0.20181659993249923,0.1779262999771163,0.0,0.02382829994894564,168.6091376252887,42067.97983750953
249,0.6747554286846577,0.8475347615073248,nan,78.29218106995884,0.7952478082495755,0.7802985834602814,0.0001,30,0.22071739996317774,0.1978940999833867,0.0,0.022765500005334616,151.59623254315574,37823.26001951736
250,0.6741182076190421,0.8503738107014095,96.95,79.4753086419753,0.8068195647559161,0.7921807700791742,0.0001,30,0.23219979996792972,0.18397569993976504,0.025586799951270223,0.02258270001038909,163.065013530712,40684.72087591265
251,0.6736549503339794,0.8433608321986571,nan,79.32098765432099,0.8047286456597336,0.791371298744195,0.0001,30,0.21651779999956489,0.19125849998090416,0.0,0.02501680003479123,156.85577374597884,39135.51554962172
252,0.673939705850605,0.833461975364528,nan,80.0925925925926,0.812711546684388,0.7990565187494355,0.0001,30,0.2290820999769494,0.2031528000952676,0.0,0.025870600016787648,147.6720969926658,36844.18819967011
253,0.6785692063186992,0.835216086097215,nan,80.40123456790124,0.8163932191411651,0.8015655791637599,0.0001,30,0.20510740007739514,0.1824858000036329,0.0,0.022570000030100346,164.39635302803157,41016.890080493875
254,0.6679264565030176,0.836857290915501,nan,79.98971193415639,0.8115445146085859,0.7979404253183777,0.0001,30,0.19804709998425096,0.17545519990380853,0.0,0.022537900018505752,170.9838181851959,42660.46263720638
255,0.6689600253869632,0.8230839688100933,nan,80.29835390946502,0.8141867578218204,0.8011366527270761,0.0001,30,0.22664699994493276,0.2035356000997126,0.0,0.023058000020682812,147.39436238821574,36774.89341585983
256,0.6665555486857453,0.8323804988782593,nan,80.1440329218107,0.8128389329529236,0.7997436065539918,0.0001,30,0.20770429994445294,0.18439469998702407,0.0,0.023256200016476214,162.6944809265728,40592.27299117991
257,0.6695384292022817,0.8244784957587473,nan,80.0925925925926,0.811697335059631,0.7995306128205276,0.0001,30,0.21458149992395192,0.1879663000581786,0.0,0.02655770001001656,159.6030777363523,39820.967895219896
258,0.6661637522812756,0.8387312373997252,nan,79.32098765432099,0.805126112256526,0.7908839072121049,0.0001,30,0.21225830004550517,0.18905439996160567,0.0,0.023150500026531518,158.6844844980735,39591.77888226933
259,0.6662160618510657,0.8353529756451831,nan,79.73251028806584,0.8092168010676914,0.795178052311865,0.0001,30,0.2102479999884963,0.1876632000785321,0.0,0.022526700049638748,159.86085704307393,39885.28383224695
260,0.6600730292942019,0.8256458755383276,96.55,80.45267489711934,0.8159090344965956,0.8028384620623334,0.0001,30,0.3015149999409914,0.17823829990811646,0.09962069999892265,0.023602199973538518,168.3139932072135,41994.34130519977
261,0.6608211826784418,0.8205651270509257,nan,79.98971193415639,0.8113819049365008,0.7980611837403526,0.0001,30,0.21011740004178137,0.18647940002847463,0.0,0.02340189996175468,160.875678468609,40138.48177791794
262,0.6588456053294256,0.8205310366281267,nan,79.88683127572016,0.8103833189159696,0.796924810203475,0.0001,30,0.21398410003166646,0.18990340002346784,0.0,0.02402709994930774,157.97505466617588,39414.77613921089
263,0.6572432503671589,0.8320400479399128,nan,79.06378600823045,0.8034633421589563,0.7877944342568753,0.0001,30,0.2176716000540182,0.19278549996670336,0.0,0.02483190002385527,155.6133630650718,38825.53408473542
264,0.6546588627035489,0.8189282093519046,nan,80.1440329218107,0.8124914606349432,0.8000507844235698,0.0001,30,0.23634179995860904,0.2034512999234721,0.0,0.03283929999452084,147.4554353365373,36790.13111646606
265,0.6564522079411712,0.8207052975525091,nan,80.24691358024691,0.8136627946855256,0.8008861899119067,0.0001,30,0.26952659990638494,0.24381730007007718,0.0,0.025651599979028106,123.0429505674023,30699.216166566875
266,0.6572848918681632,0.8154210931479685,nan,80.45267489711934,0.8155262537593776,0.8028165919558263,0.0001,30,0.2554758000187576,0.23196040000766516,0.0,0.02345400000922382,129.33242052957593,32268.438922129197
267,0.6528467615206559,0.8194485956749308,nan,80.29835390946502,0.8140056356590513,0.8013631658648015,0.0001,30,0.2359749999595806,0.20227600005455315,0.0,0.033654000028036535,148.3122070433917,37003.89565732623
268,0.6448524411790117,0.822422832618525,nan,80.1954732510288,0.8135416964592501,0.8001979257071132,0.0001,30,0.27711400005500764,0.24554469995200634,0.0,0.03149600001052022,122.17734695908214,30483.248066290995
269,0.6460935809410009,0.8050326712337541,nan,80.60699588477365,0.8171884659386176,0.8045034482591532,0.0001,30,0.2963735000230372,0.2652849000878632,0.0,0.031017300090752542,113.08596904710333,28214.949277252283
270,0.6522836232949832,0.8160341678823463,97.25,80.29835390946502,0.814432519167538,0.8009866508524482,0.0001,30,0.29012710007373244,0.22708870004862547,0.03514609998092055,0.02782730001490563,132.10696962718197,32960.6889219819
271,0.6460627800238157,0.8192266917523042,nan,79.83539094650206,0.8094423290351566,0.7967807918921583,0.0001,30,0.2740095000481233,0.24244920001365244,0.0,0.03124829998705536,123.73726124198672,30872.446679875684
272,0.6443117091077601,0.8087763143665015,nan,80.40123456790124,0.8147684835646503,0.8026739226163382,0.0001,30,0.22875680006109178,0.2036964000435546,0.0,0.02499780000653118,147.27800782726334,36745.86295290221
273,0.6462622964390135,0.8081246486907143,nan,80.0925925925926,0.8122492705574054,0.7994587492216477,0.0001,30,0.2223813000600785,0.19903130002785474,0.0,0.02329529996495694,150.73006102960414,37607.15022688624
274,0.6408314069191774,0.8060101618982637,nan,80.40123456790124,0.8141499823620675,0.8028794732374702,0.0001,30,0.2274178999941796,0.1965776999713853,0.0,0.030774799990467727,152.61141016690564,38076.54683664296
275,0.6398973983291315,0.7976754305294022,nan,80.34979423868313,0.8135508755980922,0.8024195442933196,0.0001,30,0.2317555999616161,0.20315249997656792,0.0,0.02851189998909831,147.67231514975336,36844.24262986346
276,0.6366092982496033,0.8061770132049121,nan,80.1954732510288,0.8125985791451708,0.8005310928907552,0.0001,30,0.2505451999604702,0.22306830005254596,0.0,0.027399499900639057,134.48795724418576,33554.74533242435
277,0.6405671465054463,0.8004958541304977,nan,80.60699588477365,0.8164216311246959,0.8049742127964453,0.0001,30,0.23276339995209128,0.20703100005630404,0.0,0.02567200001794845,144.90583531858135,36154.005911986045
278,0.6364273319582024,0.8009306682971279,nan,80.55555555555556,0.8164913044292301,0.8042041285652146,0.0001,30,0.3060611999826506,0.20837050001136959,0.0,0.09763510001357645,143.97431497435133,35921.59158610066
279,0.6348640781445908,0.7865930344342205,nan,81.22427983539094,0.8224923106086424,0.8109117031862089,0.0001,30,0.23355849995277822,0.20565489993896335,0.0,0.02784530003555119,145.87544478105676,36395.92347287366
280,0.632637609771354,0.79904857976937,97.3,80.96707818930041,0.8207314263249392,0.808254841149504,0.0001,30,0.2736746999435127,0.21401230001356453,0.030261400039307773,0.02935499988961965,140.17885886978712,34974.625288011885
281,0.6309260031901445,0.7976273940914452,nan,80.76131687242798,0.8188241029304226,0.8057627997889611,0.0001,30,0.22668409999459982,0.20167009998112917,0.0,0.02478879992850125,148.75779802165607,37115.07060640319
282,0.6322152251391389,0.7894457769982609,nan,81.17283950617285,0.8216299210257748,0.8106352166902194,0.0001,30,0.2446955000050366,0.21652159991208464,0.0,0.02811469999141991,138.5543059546071,34569.29933567446
283,0.6322554574700778,0.7910481465696798,nan,81.27572016460906,0.8232940515735931,0.8115089478094393,0.0001,30,0.2259650999912992,0.2033341999631375,0.0,0.022572399931959808,147.54035477277657,36811.318515807754
284,0.6340932069257967,0.7819048362504307,nan,81.48148148148148,0.8257330940594387,0.8133419849883662,0.0001,30,0.22417370008770376,0.2017098000505939,0.0,0.022410100093111396,148.72851984621096,37107.765701629636
285,0.6336643586894554,0.8014956707817046,nan,80.60699588477365,0.8163045266126755,0.8049731677100322,0.0001,30,0.2045448999851942,0.18192510004155338,0.0,0.02252950007095933,164.9030287362641,41143.3056696979
286,0.6271360840173108,0.7908558369664008,nan,81.06995884773663,0.8208699130353638,0.8094847058098724,0.0001,30,0.2172170999692753,0.18993719993159175,0.0,0.027223299955949187,157.94694251997436,39407.7621587336
287,0.6282121769173112,0.7979359822999302,nan,79.57818930041152,0.807117755620304,0.7942263917746873,0.0001,30,0.21092260000295937,0.18760289996862411,0.0,0.023261999944224954,159.9122401893435,39898.1039272412
288,0.6232555015292579,0.7782568921768126,nan,81.53292181069959,0.824818281773742,0.8142945689998214,0.0001,30,0.21854130004066974,0.18890010006725788,0.0,0.029591100057587028,158.81410327108614,39624.118766135995
289,0.6221203454510721,0.7797896773726852,nan,81.53292181069959,0.825647283366948,0.8141534802111865,0.0001,30,0.21878999995533377,0.1963620000751689,0.0,0.022371600032784045,152.77905087805055,38118.37319407362
290,0.6197639430055001,0.7835715793287803,96.5,80.9156378600823,0.8190698230676539,0.8079413389863491,0.0001,30,0.2309366000117734,0.18452699994668365,0.023928400012664497,0.022419100045226514,162.57783418506807,40563.16962917449
291,0.6188893721353713,0.777635370752939,nan,81.6872427983539,0.8265277323809268,0.815712956000175,0.0001,30,0.20528550003655255,0.182776500005275,0.0,0.022294500027783215,164.13488604461836,40951.65406813228
292,0.6225593596039889,0.7842504183451334,nan,80.8641975308642,0.8185286227433511,0.8076688152917337,0.0001,30,0.23587119998410344,0.21105389995500445,0.0,0.024761599954217672,142.14378415369646,35464.87414634727
293,0.624294410487693,0.7850204043918185,nan,80.70987654320987,0.8177626173142126,0.806177983592775,0.0001,30,0.21535850001964718,0.19274159998167306,0.0,0.022562399972230196,155.64880649975183,38834.37722168808
294,0.6171332067223334,0.783701247148553,nan,81.12139917695474,0.8219990734823022,0.8097030643065676,0.0001,30,0.2466541000176221,0.2199407999869436,0.0,0.026661099982447922,136.40034046334694,34031.88494560506
295,0.6126429254322269,0.7805058759916957,nan,80.8641975308642,0.8188848597018172,0.8075131171136548,0.0001,30,0.19999750005081296,0.17750409990549088,0.0,0.02241950004827231,169.01018069989934,42168.04008462489
296,0.6176185534091178,0.7726525446024451,nan,81.27572016460906,0.822533723158493,0.8117360738384403,0.0001,30,0.2682446999242529,0.17191819997970015,0.0,0.09628379996865988,174.5015943835054,43538.14779868459
297,0.6170922135462662,0.7721175735379443,nan,81.43004115226337,0.824294928856312,0.8130744359972443,0.0001,30,0.2115817000158131,0.1834787999978289,0.0,0.028029400040395558,163.50662856065654,40794.903825883805
298,0.6156315556508983,0.7711031696923967,nan,81.79012345679013,0.8274635332476679,0.816707520305289,0.0001,30,0.20946630008984357,0.18696610000915825,0.0,0.02244319999590516,160.45689565397413,40033.99546566655
299,0.6103058138447917,0.7747191583178171,nan,81.5843621399177,0.8262052814973373,0.8145403352764556,0.0001,30,0.19914699997752905,0.17684259999077767,0.0,0.02224920003209263,169.6423825569433,42325.77444795735
300,0.6110586222442851,0.782991605531041,96.75,80.76131687242798,0.8169792991869791,0.8067496457703545,0.0001,30,0.25621609995141625,0.19856659998185933,0.029353899997659028,0.02824240003246814,151.08281051667674,37695.16122391084
