class_name,filename,feature,count,min,max,mean,std
STANDING,replay_2025-08-22_13-48-32swap.csv,posx,997,-1.175994679414316e-08,6.394519136421195e-09,-2.4330757694936223e-10,1.8734833177358374e-09
STANDING,replay_2025-08-22_13-48-32swap.csv,posy,997,5.739718509874451e-39,2.89074444770813,2.762145306186427,0.13084916015395456
STANDING,replay_2025-08-22_13-48-32swap.csv,posz,997,0.2,1.0475498557090759,0.7471504372782788,0.10652469021951427
STANDING,replay_2025-08-22_13-48-32swap.csv,velx,997,-5.486108012320301e-09,35184372088832.0,35290242817.28385,1113741277474.4604
STANDING,replay_2025-08-22_13-48-32swap.csv,vely,997,-0.2147162407636642,0.2315044701099395,0.021297547966008277,0.055295065492689546
STANDING,replay_2025-08-22_13-48-32swap.csv,velz,997,-0.3861534297466278,0.533491313457489,-0.08940995243259349,0.13476515287749602
STANDING,replay_2025-08-22_13-48-32swap.csv,accx,997,-5.665028890433632e-09,3076.25,3.085506519941219,97.37694326845435
STANDING,replay_2025-08-22_13-48-32swap.csv,accy,997,-0.2257675230503082,0.233220636844635,0.02638665355187106,0.0719029061343087
STANDING,replay_2025-08-22_13-48-32swap.csv,accz,997,-6.24610867517012e+29,0.3620027899742126,-6.264903385326099e+26,1.977170158832075e+28
STANDING,replay_2025-08-22_13-48-32swap.csv,point_y,4908,2.427220344543457,3.576278686523437,2.978392510076024,0.26806502694684237
STANDING,replay_2025-08-22_13-48-32swap.csv,point_z,4908,-1.6607378005981444,2.7177001953125,0.5663153549278278,0.8729869833698319
STANDING,replay_2025-08-22_13-48-32swap.csv,point_snr,4908,12.0,32.25,18.89308272208639,4.7346690492786285
STANDING,replay_2025-08-22_13-51-19swap.csv,posx,963,2.491365648893406e-06,6.328185554593801e-05,7.498788261828006e-06,7.159964675325295e-06
STANDING,replay_2025-08-22_13-51-19swap.csv,posy,963,3.000389814376831,3.167997360229492,3.0446981868763703,0.02875552790921747
STANDING,replay_2025-08-22_13-51-19swap.csv,posz,963,0.4314881682395935,0.8636298894882202,0.7737716384456412,0.058620103051244585
STANDING,replay_2025-08-22_13-51-19swap.csv,velx,963,-5.214733755565248e-05,0.0001377668813802,-4.7586213707141015e-05,1.4235223136924479e-05
STANDING,replay_2025-08-22_13-51-19swap.csv,vely,963,-0.0609633401036262,0.1150828152894973,-0.032197653084339556,0.01550875323142612
STANDING,replay_2025-08-22_13-51-19swap.csv,velz,963,-0.3952648043632507,0.4750323891639709,0.3420184013546906,0.08988529468164491
STANDING,replay_2025-08-22_13-51-19swap.csv,accx,963,-2.2755210011382587e-05,4.697714757639915e-05,-2.1047505757160402e-05,5.059057223772655e-06
STANDING,replay_2025-08-22_13-51-19swap.csv,accy,963,-0.0699023604393005,0.1263440251350402,0.05448446170400789,0.021054283956061976
STANDING,replay_2025-08-22_13-51-19swap.csv,accz,963,-0.2009062618017196,0.3539866209030151,0.24729487811614634,0.06325047755399878
STANDING,replay_2025-08-22_13-51-19swap.csv,point_y,3129,2.606034278869629,3.641009330749512,3.190766130632088,0.23653039323169528
STANDING,replay_2025-08-22_13-51-19swap.csv,point_z,3129,-1.108917999267578,2.880778503417969,0.2548293012214873,0.6287045420765969
STANDING,replay_2025-08-22_13-51-19swap.csv,point_snr,3129,12.0,30.75,18.781719399169063,4.18742980172821
STANDING,replay_2025-09-18_14-40-37_final.csv,posy,1298,1.6046042442321775,2.8398239612579346,2.101822650212169,0.2926321118419031
STANDING,replay_2025-09-18_14-40-37_final.csv,posz,1298,-0.9385775804519652,1.0200264573097229,0.25679987631189294,0.3002332834252458
STANDING,replay_2025-09-18_14-40-37_final.csv,vely,1298,-0.353611946105957,0.2822035849094391,-0.00011850190861940168,0.0975503281674058
STANDING,replay_2025-09-18_14-40-37_final.csv,velz,1298,-1.2017362117767334,1.090012788772583,0.013562434386119005,0.34467440411266476
STANDING,replay_2025-09-18_14-40-37_final.csv,accy,1298,-0.3612712621688843,0.3023668825626373,-0.01032824886267508,0.10991895313635659
STANDING,replay_2025-09-18_14-40-37_final.csv,accz,1298,-0.8120442628860474,0.7775096297264099,-0.0038171712718459185,0.2446606090353448
STANDING,replay_2025-09-18_14-40-37_final.csv,point_y,8801,1.300334930419922,3.5687685012817383,2.1610665004397775,0.3651905733425852
STANDING,replay_2025-09-18_14-40-37_final.csv,point_z,8801,-1.4314983367919922,1.5132095336914062,-0.07451086093073421,0.6317838906355002
STANDING,replay_2025-09-18_14-40-37_final.csv,point_snr,8801,12.0,36.25,19.732246335643676,4.803542010780063
STANDING,results_STOOD_DYLAN_170031.csv,posy,760,2.76,3.12,2.9128157894736844,0.05931599378846801
STANDING,results_STOOD_DYLAN_170031.csv,posz,760,-0.09999999999999998,0.65,0.3235,0.11689564622030693
STANDING,results_STOOD_DYLAN_170031.csv,vely,760,-0.25,0.24,-0.0019210526315789477,0.09508164956027264
STANDING,results_STOOD_DYLAN_170031.csv,velz,760,-0.67,0.73,-0.013736842105263157,0.18143937427525517
STANDING,results_STOOD_DYLAN_170031.csv,accy,760,-0.37,0.3,0.0018684210526315789,0.11294238658263163
STANDING,results_STOOD_DYLAN_170031.csv,accz,760,-0.71,0.5,-0.015039473684210526,0.13559517348861352
STANDING,results_STOOD_DYLAN_170031.csv,point_y,5546,1.97,4.03,3.10251893256401,0.32312208443290524
STANDING,results_STOOD_DYLAN_170031.csv,point_z,5546,-2.01,2.45,-0.06455824017309773,0.7287967556781424
STANDING,results_STOOD_DYLAN_170031.csv,point_snr,5546,4.0,33.75,13.51117922827263,7.333909602354528
STANDING,results_STOOD_ED_160456.csv,posy,771,2.59,2.95,2.7623994811932553,0.061286054633964186
STANDING,results_STOOD_ED_160456.csv,posz,771,-0.24,0.6799999999999999,0.30433203631647215,0.1611563716804505
STANDING,results_STOOD_ED_160456.csv,vely,771,-0.21,0.25,-0.008715953307392997,0.09706342474142762
STANDING,results_STOOD_ED_160456.csv,velz,771,-0.86,0.86,0.008184176394293126,0.25070602729721986
STANDING,results_STOOD_ED_160456.csv,accy,771,-0.32,0.34,-0.014202334630350196,0.12588871846528685
STANDING,results_STOOD_ED_160456.csv,accz,771,-0.63,0.81,0.007937743190661479,0.19539915916643122
STANDING,results_STOOD_ED_160456.csv,point_y,7828,1.83,3.98,2.9884683188553907,0.375843954960312
STANDING,results_STOOD_ED_160456.csv,point_z,7828,-2.0599999999999996,2.75,-0.007603474706182939,0.817963703025214
STANDING,results_STOOD_ED_160456.csv,point_snr,7828,4.0,37.0,14.225185232498722,7.682599734833807
STANDING,results_STOOD_EDDIE_174905.csv,posy,842,2.69,3.09,2.8687410926365797,0.06833153737646568
STANDING,results_STOOD_EDDIE_174905.csv,posz,842,-0.8400000000000001,0.94,0.2845368171021378,0.282322126455413
STANDING,results_STOOD_EDDIE_174905.csv,vely,842,-0.28,0.26,-0.003954869358669834,0.09285220732449197
STANDING,results_STOOD_EDDIE_174905.csv,velz,842,-1.01,1.36,0.004382422802850357,0.4023156382185201
STANDING,results_STOOD_EDDIE_174905.csv,accy,842,-0.38,0.3,-0.009097387173396674,0.12236929628182085
STANDING,results_STOOD_EDDIE_174905.csv,accz,842,-0.71,1.1,0.006306413301662708,0.27526668767087015
STANDING,results_STOOD_EDDIE_174905.csv,point_y,8001,1.64,4.01,3.0821922259717534,0.3673162511937201
STANDING,results_STOOD_EDDIE_174905.csv,point_z,8001,-1.8699999999999999,2.77,-0.017192850893638294,0.8817288348532146
STANDING,results_STOOD_EDDIE_174905.csv,point_snr,8001,4.0,34.25,13.78983877015373,7.195518035661261
STANDING,results_STOOD_EMMANUEL180704.csv,posy,787,2.64,2.92,2.7562007623888185,0.05206217912238682
STANDING,results_STOOD_EMMANUEL180704.csv,posz,787,-0.04999999999999999,0.71,0.44142312579415505,0.10439397385757983
STANDING,results_STOOD_EMMANUEL180704.csv,vely,787,-0.28,0.23,-0.0019567979669631516,0.08050181346368164
STANDING,results_STOOD_EMMANUEL180704.csv,velz,787,-0.67,0.57,0.01974587039390089,0.17509753743660816
STANDING,results_STOOD_EMMANUEL180704.csv,accy,787,-0.32,0.26,-0.005044472681067344,0.09719884545159711
STANDING,results_STOOD_EMMANUEL180704.csv,accz,787,-0.52,0.41,0.023074968233799238,0.13309414547201276
STANDING,results_STOOD_EMMANUEL180704.csv,point_y,6216,1.94,4.03,2.9707303732303734,0.33959309346473304
STANDING,results_STOOD_EMMANUEL180704.csv,point_z,6216,-2.1399999999999997,2.45,0.18473133848133846,0.8496031467523926
STANDING,results_STOOD_EMMANUEL180704.csv,point_snr,6216,4.0,37.75,13.809282496782497,7.861016004247623
STANDING,results_STOOD_FAIK_164849.csv,posy,796,2.75,3.0,2.874861809045226,0.04465226897219838
STANDING,results_STOOD_FAIK_164849.csv,posz,796,-0.20999999999999996,0.69,0.287248743718593,0.12695741159033702
STANDING,results_STOOD_FAIK_164849.csv,vely,796,-0.23,0.23,0.002663316582914573,0.09620143340930687
STANDING,results_STOOD_FAIK_164849.csv,velz,796,-0.81,0.73,-0.002324120603015075,0.18212039882850245
STANDING,results_STOOD_FAIK_164849.csv,accy,796,-0.26,0.4,0.0005527638190954775,0.1231300165874415
STANDING,results_STOOD_FAIK_164849.csv,accz,796,-0.48,0.57,0.0009547738693467339,0.13964543387031408
STANDING,results_STOOD_FAIK_164849.csv,point_y,7225,1.6,4.02,3.098217301038062,0.36964650444361963
STANDING,results_STOOD_FAIK_164849.csv,point_z,7225,-2.0599999999999996,2.66,-0.13794048442906576,0.6933671670131251
STANDING,results_STOOD_FAIK_164849.csv,point_snr,7225,4.0,34.0,13.592733564013841,6.944106993659623
SITTING,replay_2025-08-22_13-44-11swap.csv,posx,1239,4.0178029569121155e-41,0.2234655022621154,0.15373453019221428,0.044426948788594135
SITTING,replay_2025-08-22_13-44-11swap.csv,posy,1239,0.0,3.0454320907592773,3.0136611230725525,0.08658033276436952
SITTING,replay_2025-08-22_13-44-11swap.csv,posz,1239,-0.44999270338958,49201283071.55,39710478.2199091,1397222093.9585562
SITTING,replay_2025-08-22_13-44-11swap.csv,velx,1239,0.0463762879371643,57.57054901123047,0.24088302274220308,1.6301645840066223
SITTING,replay_2025-08-22_13-44-11swap.csv,vely,1239,1.03254496922444e-26,0.134811520576477,0.06314336877734161,0.020631603482272717
SITTING,replay_2025-08-22_13-44-11swap.csv,velz,1239,-8.583002636441961e-05,1.0947879807252444e+36,8.836061184223118e+32,3.108987935601424e+34
SITTING,replay_2025-08-22_13-44-11swap.csv,accx,1239,1.042701399304765e-26,0.152474895119667,0.11745847885807353,0.028100557235599493
SITTING,replay_2025-08-22_13-44-11swap.csv,accy,1239,-0.1556993275880813,0.1218112036585807,-0.050192023196187714,0.05356683059747776
SITTING,replay_2025-08-22_13-44-11swap.csv,accz,1239,-5.459182284539565e-05,1.3935239145382286e-30,-3.476479847175273e-05,9.679077116239775e-06
SITTING,replay_2025-08-22_13-44-11swap.csv,point_y,2878,2.639293670654297,3.2254457473754883,3.055663967066295,0.09054935019631766
SITTING,replay_2025-08-22_13-44-11swap.csv,point_z,2878,-1.0586826324462892,0.07356719970703118,-0.426354932685624,0.14144554399197737
SITTING,replay_2025-08-22_13-44-11swap.csv,point_snr,2878,12.0,25.25,17.103891591382904,2.908125936199798
SITTING,replay_2025-09-18_14-47-34_final.csv,posy,1299,1.894485354423523,2.700706243515014,2.1819438505760056,0.21266621180053527
SITTING,replay_2025-09-18_14-47-34_final.csv,posz,1299,-1.18895001411438,-0.1698280990123749,-0.5363290982819366,0.16604162262788316
SITTING,replay_2025-09-18_14-47-34_final.csv,vely,1299,-0.2406955510377884,0.2840424478054046,-0.00179450494883219,0.08408485692374729
SITTING,replay_2025-09-18_14-47-34_final.csv,velz,1299,-0.723808765411377,0.7542589902877808,0.01274742394823938,0.18218855094612266
SITTING,replay_2025-09-18_14-47-34_final.csv,accy,1299,-0.3311380445957184,0.3530560433864593,0.0015904658274715035,0.10514180110406172
SITTING,replay_2025-09-18_14-47-34_final.csv,accz,1299,-0.7138147354125977,0.5827932953834534,0.004918313137125841,0.14159640021870973
SITTING,replay_2025-09-18_14-47-34_final.csv,point_y,6256,1.5707015991210938,3.438234329223633,2.15864804623377,0.2596714404063081
SITTING,replay_2025-09-18_14-47-34_final.csv,point_z,6256,-2.360090446472168,0.350013542175293,-0.6553237289114071,0.2747767113740273
SITTING,replay_2025-09-18_14-47-34_final.csv,point_snr,6256,12.0,40.25,21.06162084398977,6.123048845817023
SITTING,replay_2025-09-18_14-47-34swap.csv,posx,1299,-2.6290138066542568e-06,0.0025940418709069,9.573010104284176e-06,0.00012927222694504516
SITTING,replay_2025-09-18_14-47-34swap.csv,posy,1299,1.894485354423523,2.700706243515014,2.1819438505760056,0.21266621180053527
SITTING,replay_2025-09-18_14-47-34swap.csv,posz,1299,-1.18895001411438,-0.1698280990123749,-0.5363290982819366,0.16604162262788316
SITTING,replay_2025-09-18_14-47-34swap.csv,velx,1299,-0.0020062287803739,0.0013451676350086,-3.7399478219505977e-06,0.00010062447885351578
SITTING,replay_2025-09-18_14-47-34swap.csv,vely,1299,-0.2406955510377884,0.2840424478054046,-0.00179450494883219,0.08408485692374729
SITTING,replay_2025-09-18_14-47-34swap.csv,velz,1299,-0.723808765411377,0.7542589902877808,0.01274742394823938,0.18218855094612266
SITTING,replay_2025-09-18_14-47-34swap.csv,accx,1299,-0.0020968713797628,1.7959735487238504e-05,-1.1981046409877275e-05,0.0001470499881459225
SITTING,replay_2025-09-18_14-47-34swap.csv,accy,1299,-0.3311380445957184,0.3530560433864593,0.0015904658274715035,0.10514180110406172
SITTING,replay_2025-09-18_14-47-34swap.csv,accz,1299,-0.7138147354125977,0.5827932953834534,0.004918313137125841,0.14159640021870973
SITTING,replay_2025-09-18_14-47-34swap.csv,point_y,6251,1.5707015991210938,3.438234329223633,2.158688442399265,0.25976613774658813
SITTING,replay_2025-09-18_14-47-34swap.csv,point_z,6251,-2.360090446472168,0.350013542175293,-0.6551412611079395,0.2747479364612274
SITTING,replay_2025-09-18_14-47-34swap.csv,point_snr,6251,12.0,40.25,21.05795072788354,6.119477060655798
SITTING,replay_2025-09-18_14-52-28_final.csv,posy,1635,1.5165229546781398e-36,2.474785566329956,2.0588017443998146,0.18863003528702205
SITTING,replay_2025-09-18_14-52-28_final.csv,posz,1635,-0.8988012790679932,-0.16860086917877198,-0.490999549840839,0.1265277867174796
SITTING,replay_2025-09-18_14-52-28_final.csv,vely,1635,-0.2332527637481689,0.2218223661184311,-0.002514496829861983,0.08318917478552806
SITTING,replay_2025-09-18_14-52-28_final.csv,velz,1635,-0.4786915779113769,0.4831983149051666,-0.01769853412491961,0.15910993694863837
SITTING,replay_2025-09-18_14-52-28_final.csv,accy,1635,-0.2977564334869385,0.2893858551979065,0.00043455531980147647,0.09673166572436762
SITTING,replay_2025-09-18_14-52-28_final.csv,accz,1635,-0.4030839502811432,0.3711790442466736,-0.013503549444746932,0.1242516475643337
SITTING,replay_2025-09-18_14-52-28_final.csv,point_y,8180,1.492023468017578,3.242611885070801,2.006247486636808,0.2534401580174537
SITTING,replay_2025-09-18_14-52-28_final.csv,point_z,8180,-1.527532768249512,0.5045087814331055,-0.6631977553472542,0.2728178113130131
SITTING,replay_2025-09-18_14-52-28_final.csv,point_snr,8180,12.0,36.5,20.792053789731053,5.72059327945881
SITTING,results_SAT_DYLAN_170501.csv,posy,671,3.32,3.69,3.52230998509687,0.044281303780832025
SITTING,results_SAT_DYLAN_170501.csv,posz,671,-1.65,-0.2400000000000002,-0.6912816691505216,0.20615888770901103
SITTING,results_SAT_DYLAN_170501.csv,vely,671,-0.19,0.28,0.001594634873323398,0.06733143926421946
SITTING,results_SAT_DYLAN_170501.csv,velz,671,-0.88,1.5,0.06897168405365127,0.3120873202685825
SITTING,results_SAT_DYLAN_170501.csv,accy,671,-0.28,0.26,-0.015007451564828614,0.06952869828251974
SITTING,results_SAT_DYLAN_170501.csv,accz,671,-0.74,1.09,0.0649478390461997,0.23559663037059142
SITTING,results_SAT_DYLAN_170501.csv,point_y,3293,2.86,4.02,3.573228059520194,0.1751882296256298
SITTING,results_SAT_DYLAN_170501.csv,point_z,3293,-2.41,0.41999999999999993,-0.7592225933798967,0.3623339373084359
SITTING,results_SAT_DYLAN_170501.csv,point_snr,3293,4.0,32.75,14.635286972365623,7.764565960780486
SITTING,results_SAT_ED_160805.csv,posy,828,3.23,3.46,3.3648671497584544,0.039374416435725146
SITTING,results_SAT_ED_160805.csv,posz,828,-1.0900000000000003,-0.4,-0.5756521739130434,0.0872690037585696
SITTING,results_SAT_ED_160805.csv,vely,828,-0.23,0.31,-0.0029347826086956524,0.04336354128614782
SITTING,results_SAT_ED_160805.csv,velz,828,-0.75,0.45,0.01648550724637681,0.1262773996961375
SITTING,results_SAT_ED_160805.csv,accy,828,-0.29,0.44,-0.0004106280193236718,0.06405632698759603
SITTING,results_SAT_ED_160805.csv,accz,828,-0.56,0.46,0.020157004830917875,0.10300133429422786
SITTING,results_SAT_ED_160805.csv,point_y,5115,0.74,3.96,3.359818181818182,0.27811737253361773
SITTING,results_SAT_ED_160805.csv,point_z,5115,-2.91,0.75,-0.8948230694037147,0.4401565781291292
SITTING,results_SAT_ED_160805.csv,point_snr,5115,4.0,30.0,12.477956989247312,6.538842917221463
SITTING,results_SAT_EDDIE_165532.csv,posy,794,3.15,3.41,3.341272040302267,0.036823071416333286
SITTING,results_SAT_EDDIE_165532.csv,posz,794,-0.87,-0.41000000000000003,-0.5940554156171284,0.06900280688001732
SITTING,results_SAT_EDDIE_165532.csv,vely,794,-0.24,0.27,-0.0011209068010075568,0.04308187964606073
SITTING,results_SAT_EDDIE_165532.csv,velz,794,-0.3,0.51,0.03178841309823678,0.0925163233837357
SITTING,results_SAT_EDDIE_165532.csv,accy,794,-0.2,0.36,-0.0007178841309823677,0.058969859590366006
SITTING,results_SAT_EDDIE_165532.csv,accz,794,-0.28,0.38,0.02027707808564232,0.0787907588561943
SITTING,results_SAT_EDDIE_165532.csv,point_y,4523,1.83,3.98,3.389991156312182,0.22608003472610808
SITTING,results_SAT_EDDIE_165532.csv,point_z,4523,-2.2199999999999998,0.1299999999999999,-0.8447711695777139,0.38615448451066436
SITTING,results_SAT_EDDIE_165532.csv,point_snr,4523,4.0,32.5,13.942018571744418,7.8373638370791285
SITTING,results_SAT_EMMANUEL_181059.csv,posy,527,3.16,3.54,3.335009487666034,0.07790880369807646
SITTING,results_SAT_EMMANUEL_181059.csv,posz,527,-1.2,-0.5699999999999998,-0.8136242884250474,0.10376021116717915
SITTING,results_SAT_EMMANUEL_181059.csv,vely,527,-0.19,0.2,0.0007590132827324479,0.05378812173011894
SITTING,results_SAT_EMMANUEL_181059.csv,velz,527,-0.38,0.44,0.09011385199240987,0.14162109139279852
SITTING,results_SAT_EMMANUEL_181059.csv,accy,527,-0.34,0.26,0.01920303605313093,0.05869978414537885
SITTING,results_SAT_EMMANUEL_181059.csv,accz,527,-0.26,0.35,0.06730550284629981,0.11436794224170921
SITTING,results_SAT_EMMANUEL_181059.csv,point_y,2833,2.79,3.97,3.347631486057183,0.2265498118533192
SITTING,results_SAT_EMMANUEL_181059.csv,point_z,2833,-2.49,-0.12,-0.953134486410166,0.4093706333899156
SITTING,results_SAT_EMMANUEL_181059.csv,point_snr,2833,4.0,27.75,13.68884574655842,6.776426027707966
SITTING,results_SAT_FAIK_165546.csv,posy,784,3.16,3.57,3.4971938775510205,0.056476319430298974
SITTING,results_SAT_FAIK_165546.csv,posz,784,-1.2,-0.3599999999999999,-0.617920918367347,0.15029609847059616
SITTING,results_SAT_FAIK_165546.csv,vely,784,-0.14,0.38,0.006109693877551021,0.05196194847869167
SITTING,results_SAT_FAIK_165546.csv,velz,784,-0.59,0.75,0.02317602040816327,0.17769998689742925
SITTING,results_SAT_FAIK_165546.csv,accy,784,-0.35,0.24,-0.001237244897959184,0.06416754886313868
SITTING,results_SAT_FAIK_165546.csv,accz,784,-0.51,0.49,0.014451530612244898,0.13079897801863152
SITTING,results_SAT_FAIK_165546.csv,point_y,4432,2.57,4.0,3.48413583032491,0.23921430990381454
SITTING,results_SAT_FAIK_165546.csv,point_z,4432,-2.72,0.45999999999999996,-0.7860649819494585,0.40263801064790383
SITTING,results_SAT_FAIK_165546.csv,point_snr,4432,4.0,33.5,13.840647563176896,7.973953818208496
LYING,replay_2025-08-22_13-32-11swap.csv,posx,1702,-0.0005003621336072,0.000546513707377,-9.793270912162443e-06,0.00025193102910313814
LYING,replay_2025-08-22_13-32-11swap.csv,posy,1702,2.4641303198971457e-35,2.951014995574951,2.2110304849268267,0.3628410637950274
LYING,replay_2025-08-22_13-32-11swap.csv,posz,1702,-1.5654353380203248,-0.3,-1.3150800611381666,0.1194426820503265
LYING,replay_2025-08-22_13-32-11swap.csv,velx,1702,-0.0006518870359286,0.0004140536184422,-1.0188234071143845e-05,0.00012054274508973134
LYING,replay_2025-08-22_13-32-11swap.csv,vely,1702,-0.4487404823303222,0.2346696555614471,-0.06225414546321504,0.177689348996463
LYING,replay_2025-08-22_13-32-11swap.csv,velz,1702,-3.834028272185141e+19,0.3822874426841736,-2.2526605594507292e+16,9.290688775852082e+17
LYING,replay_2025-08-22_13-32-11swap.csv,accx,1702,-0.0003817934484686,0.0002290660049766,-5.1503018415337805e-06,7.014568884706983e-05
LYING,replay_2025-08-22_13-32-11swap.csv,accy,1702,-0.3570856153964996,2.3956696849117256e+35,1.4075615069986636e+32,5.805231436014742e+33
LYING,replay_2025-08-22_13-32-11swap.csv,accz,1702,-0.9565995931625366,0.3117655217647552,-0.14712978258311052,0.3576163264885961
LYING,replay_2025-08-22_13-32-11swap.csv,point_y,4994,1.490950584411621,3.774404525756836,2.1380626014293935,0.38088217284172565
LYING,replay_2025-08-22_13-32-11swap.csv,point_z,4994,-1.7508962631225586,-0.5818107604980469,-1.3340148131752854,0.16710466127030768
LYING,replay_2025-08-22_13-32-11swap.csv,point_snr,4994,12.0,34.25,18.952543051661994,4.847548247254496
LYING,results_LYING_DYLAN_170922.csv,posy,779,2.72,3.0,2.945571245186136,0.049937326521277144
LYING,results_LYING_DYLAN_170922.csv,posz,779,-1.6300000000000001,-1.23,-1.3551989730423621,0.08541407230275778
LYING,results_LYING_DYLAN_170922.csv,vely,779,-0.2,0.22,0.01865211810012837,0.04101229854062729
LYING,results_LYING_DYLAN_170922.csv,velz,779,-0.32,0.44,0.029050064184852373,0.07517115299938182
LYING,results_LYING_DYLAN_170922.csv,accy,779,-0.23,0.23,0.0220795892169448,0.050262865697490236
LYING,results_LYING_DYLAN_170922.csv,accz,779,-0.34,0.31,0.020051347881899873,0.07050885964856186
LYING,results_LYING_DYLAN_170922.csv,point_y,4917,2.56,4.03,3.0846288387227987,0.36627450906607506
LYING,results_LYING_DYLAN_170922.csv,point_z,4917,-2.12,-0.36,-1.3942566605653854,0.1293514179342927
LYING,results_LYING_DYLAN_170922.csv,point_snr,4917,4.0,32.0,12.931563961765304,7.429118600987601
LYING,results_LYING_ED_161122.csv,posy,771,2.67,2.95,2.8090012970168607,0.06247314337325381
LYING,results_LYING_ED_161122.csv,posz,771,-1.6,-1.28,-1.4269260700389106,0.05075838325643384
LYING,results_LYING_ED_161122.csv,vely,771,-0.24,0.2,0.00575875486381323,0.05113790932034533
LYING,results_LYING_ED_161122.csv,velz,771,-0.3,0.36,0.0026070038910505832,0.06606269790666182
LYING,results_LYING_ED_161122.csv,accy,771,-0.27,0.22,0.004954604409857328,0.06004185106721494
LYING,results_LYING_ED_161122.csv,accz,771,-0.24,0.26,0.002230869001297017,0.05769191067066843
LYING,results_LYING_ED_161122.csv,point_y,5073,2.35,3.95,2.8883757145673172,0.34507101115225175
LYING,results_LYING_ED_161122.csv,point_z,5073,-2.05,-0.7,-1.4232741967277747,0.1275981053222795
LYING,results_LYING_ED_161122.csv,point_snr,5073,4.0,32.5,12.965750049280505,7.193594676544167
LYING,results_LYING_EDDIE_174406.csv,posy,910,2.71,2.94,2.8236043956043955,0.050786967074582336
LYING,results_LYING_EDDIE_174406.csv,posz,910,-1.61,-1.23,-1.4085824175824175,0.06706132439282814
LYING,results_LYING_EDDIE_174406.csv,vely,910,-0.19,0.35,-0.0006263736263736262,0.04478940915622465
LYING,results_LYING_EDDIE_174406.csv,velz,910,-0.24,0.37,0.008208791208791208,0.06800759758518202
LYING,results_LYING_EDDIE_174406.csv,accy,910,-0.32,0.18,-0.0027472527472527475,0.054081053009814854
LYING,results_LYING_EDDIE_174406.csv,accz,910,-0.22,0.26,0.0073076923076923084,0.05870117888396164
LYING,results_LYING_EDDIE_174406.csv,point_y,6424,2.29,4.02,2.954447384806974,0.36964432902970495
LYING,results_LYING_EDDIE_174406.csv,point_z,6424,-2.1799999999999997,-0.5,-1.373423100871731,0.11743206749038798
LYING,results_LYING_EDDIE_174406.csv,point_snr,6424,4.0,33.5,13.74859900373599,7.336420372636363
LYING,results_LYING_EMMANUEL_181604.csv,posy,511,2.69,2.89,2.808454011741683,0.02719353948240418
LYING,results_LYING_EMMANUEL_181604.csv,posz,511,-1.5,-1.33,-1.4169863013698631,0.025853679200431065
LYING,results_LYING_EMMANUEL_181604.csv,vely,511,-0.19,0.21,0.011095890410958905,0.03141746872732761
LYING,results_LYING_EMMANUEL_181604.csv,velz,511,-0.14,0.13,0.029530332681017613,0.03642775011124363
LYING,results_LYING_EMMANUEL_181604.csv,accy,511,-0.06,0.28,0.017279843444227005,0.036930118129034115
LYING,results_LYING_EMMANUEL_181604.csv,accz,511,-0.16,0.1,0.024833659491193736,0.03924335388299292
LYING,results_LYING_EMMANUEL_181604.csv,point_y,2567,2.48,3.99,2.8683755356447214,0.33821175852540303
LYING,results_LYING_EMMANUEL_181604.csv,point_z,2567,-2.4499999999999997,-0.8600000000000001,-1.4621036229061162,0.10931746393970007
LYING,results_LYING_EMMANUEL_181604.csv,point_snr,2567,4.0,33.0,14.005940786910791,7.376871301036289
LYING,results_LYING_FAIK_165207.csv,posy,766,2.77,3.3,2.9635639686684074,0.10253681988833883
LYING,results_LYING_FAIK_165207.csv,posz,766,-1.54,-1.13,-1.368028720626632,0.05562983036375845
LYING,results_LYING_FAIK_165207.csv,vely,766,-0.26,0.22,-0.0005744125326370758,0.05982074243251312
LYING,results_LYING_FAIK_165207.csv,velz,766,-0.36,0.38,0.00660574412532637,0.08751557067521275
LYING,results_LYING_FAIK_165207.csv,accy,766,-0.21,0.28,0.00036553524804177554,0.0539811596827321
LYING,results_LYING_FAIK_165207.csv,accz,766,-0.29,0.35,0.006618798955613577,0.08065611080735258
LYING,results_LYING_FAIK_165207.csv,point_y,4910,2.44,4.03,3.1001201629327904,0.3606907914932095
LYING,results_LYING_FAIK_165207.csv,point_z,4910,-2.5799999999999996,-0.36,-1.38130549898167,0.11581952017193356
LYING,results_LYING_FAIK_165207.csv,point_snr,4910,4.0,29.75,13.0199083503055,6.93478482888726
FALLING,replay_2025-08-06_13-11-18.csv,posx,68,-1.5574692487716675,-0.2877386212348938,-0.7795156547251869,0.31531180263913644
FALLING,replay_2025-08-06_13-11-18.csv,posy,68,1.8264553546905518,3.1862332820892334,2.7485458920983707,0.3273600449809329
FALLING,replay_2025-08-06_13-11-18.csv,posz,68,-6.323722482193261e-05,3.690362427732907e-05,2.0628170380782186e-07,1.7908040488103517e-05
FALLING,replay_2025-08-06_13-11-18.csv,velx,68,-1.3704133033752441,0.018140045925974846,-0.5859368932296467,0.3677845389564293
FALLING,replay_2025-08-06_13-11-18.csv,vely,68,-1.7162394523620605,-0.2057192325592041,-0.8759182064848787,0.4298780515235194
FALLING,replay_2025-08-06_13-11-18.csv,velz,68,-0.00016725319437682629,9.405460878042504e-05,-1.999927451576155e-05,6.396801842837086e-05
FALLING,replay_2025-08-06_13-11-18.csv,accx,68,-0.9509391784667969,0.15761326253414154,-0.35715136005926656,0.2716732660316223
FALLING,replay_2025-08-06_13-11-18.csv,accy,68,-1.4057179689407349,0.037796832621097565,-0.7605359218466807,0.3560756095112451
FALLING,replay_2025-08-06_13-11-18.csv,accz,68,-0.0002042415289906785,2.2150859877001494e-05,-3.384892490783899e-05,6.853617052109666e-05
FALLING,replay_2025-08-06_13-11-18.csv,point_y,635,1.6733407974243164,3.5791397094726562,2.80456787019264,0.4126087034944273
FALLING,replay_2025-08-06_13-11-18.csv,point_z,635,-2.2662878036499023,1.5478134155273438,-0.8817644569817491,0.6048771337573392
FALLING,replay_2025-08-06_13-11-18.csv,point_snr,635,12.0,34.0,20.30314960629921,4.593948210278422
FALLING,replay_2025-08-06_13-15-29.csv,posx,82,-2.7333842922416807e-07,6.462622695835307e-05,3.1532951462528236e-06,1.162197167340782e-05
FALLING,replay_2025-08-06_13-15-29.csv,posy,82,1.7107287645339966,3.958028793334961,2.7772792941186486,0.3748993773134206
FALLING,replay_2025-08-06_13-15-29.csv,posz,82,-1.64915931224823,0.2165505439043045,-0.7801688315301407,0.3646405171153431
FALLING,replay_2025-08-06_13-15-29.csv,velx,82,-3.5479719372233376e-05,6.172139546833932e-05,8.072101284438846e-07,9.92471769253357e-06
FALLING,replay_2025-08-06_13-15-29.csv,vely,82,-1.6396549940109253,-0.09485600143671036,-0.8127482239974708,0.42471965331343875
FALLING,replay_2025-08-06_13-15-29.csv,velz,82,-1.3201276063919067,0.7906275987625122,-0.5882031451002127,0.41657508731870635
FALLING,replay_2025-08-06_13-15-29.csv,accx,82,-6.62480088067241e-05,2.634264717471524e-07,-4.23738197636473e-06,1.4502684983539681e-05
FALLING,replay_2025-08-06_13-15-29.csv,accy,82,-1.3445850610733032,-0.06932353973388672,-0.7120529375061756,0.3331131255471949
FALLING,replay_2025-08-06_13-15-29.csv,accz,82,-0.8539555668830872,0.17218969762325287,-0.3592692344653897,0.24787672039947453
FALLING,replay_2025-08-06_13-15-29.csv,point_y,724,1.6776323318481445,3.972172737121582,2.8148247392138064,0.42872291437173643
FALLING,replay_2025-08-06_13-15-29.csv,point_z,724,-2.1829605102539062,1.638650894165039,-0.9514481981814895,0.5348426393592185
FALLING,replay_2025-08-06_13-15-29.csv,point_snr,724,12.0,35.0,19.76243093922652,4.247482699659251
FALLING,replay_2025-08-06_13-18-48.csv,posx,118,-0.00012622939539141953,0.0075205592438578606,0.0005536656534632327,0.0018511341662066573
FALLING,replay_2025-08-06_13-18-48.csv,posy,118,1.7083910703659058,3.2382466793060303,2.685316564673084,0.38131394579533723
FALLING,replay_2025-08-06_13-18-48.csv,posz,118,-1.5783230066299438,-0.2671211063861847,-0.8976865756814763,0.34985787309593
FALLING,replay_2025-08-06_13-18-48.csv,velx,118,-0.0003601665375754237,0.031177567318081856,0.0023058706890980957,0.007681671132877758
FALLING,replay_2025-08-06_13-18-48.csv,vely,118,-1.6188701391220093,-0.17459845542907715,-0.8265916908443984,0.4030836104034735
FALLING,replay_2025-08-06_13-18-48.csv,velz,118,-1.4299503564834595,0.6590698957443237,-0.6053945963286748,0.3846227389459239
FALLING,replay_2025-08-06_13-18-48.csv,accx,118,-0.00021800042304676026,0.04115552827715874,0.002535317058961587,0.00857581504507029
FALLING,replay_2025-08-06_13-18-48.csv,accy,118,-1.1700973510742188,-0.1450006067752838,-0.658175877974195,0.26280596968607417
FALLING,replay_2025-08-06_13-18-48.csv,accz,118,-0.9302695393562317,0.5351232290267944,-0.32365951055692416,0.2550233424930688
FALLING,replay_2025-08-06_13-18-48.csv,point_y,1099,1.6940832138061523,3.8405656814575195,2.7785706888880917,0.45805536954096526
FALLING,replay_2025-08-06_13-18-48.csv,point_z,1099,-2.295970916748047,1.7963647842407227,-0.9814805611357893,0.537502575236507
FALLING,replay_2025-08-06_13-18-48.csv,point_snr,1099,12.0,32.5,19.88216560509554,4.1428776649270365
FALLING,replay_2025-08-06_13-26-09.csv,posx,111,-1.7320526838302612,0.2935628294944763,-0.7134524269012718,0.48136978981958584
FALLING,replay_2025-08-06_13-26-09.csv,posy,111,1.4667924642562866,3.0447185039520264,2.5971625270070255,0.4156624167089396
FALLING,replay_2025-08-06_13-26-09.csv,posz,111,-5.202587805008818e-10,1.9940362250281396e-08,1.159730562159015e-09,4.145043354682352e-09
FALLING,replay_2025-08-06_13-26-09.csv,velx,111,-1.7320544719696045,0.7127999067306519,-0.6554993617910523,0.541935716056541
FALLING,replay_2025-08-06_13-26-09.csv,vely,111,-1.567730188369751,-0.10857883095741272,-0.7314456647580808,0.35853045939842965
FALLING,replay_2025-08-06_13-26-09.csv,velz,111,-5.059356406045268e-11,8.236789739157757e-08,5.746536668927383e-09,1.964718577727568e-08
FALLING,replay_2025-08-06_13-26-09.csv,accx,111,-1.5050512552261353,0.373663067817688,-0.5055884018137649,0.41494982571083355
FALLING,replay_2025-08-06_13-26-09.csv,accy,111,-1.1179701089859009,0.20271435379981995,-0.5222416176452293,0.26222167769026455
FALLING,replay_2025-08-06_13-26-09.csv,accz,111,-9.450751813078195e-13,8.523361572088106e-08,4.927113168485269e-09,1.7179619075727194e-08
FALLING,replay_2025-08-06_13-26-09.csv,point_y,980,1.3679265975952148,3.924250602722168,2.6975647527344373,0.4469239260637129
FALLING,replay_2025-08-06_13-26-09.csv,point_z,980,-2.639293670654297,1.559615135192871,-0.813468378417346,0.6152162141065881
FALLING,replay_2025-08-06_13-26-09.csv,point_snr,980,12.0,34.5,20.661734693877552,5.111722726805036
FALLING,replay_2025-08-06_13-35-26.csv,posx,184,-0.00014695260324515402,0.0002256564039271325,1.232363575787539e-05,5.438224937729481e-05
FALLING,replay_2025-08-06_13-35-26.csv,posy,184,1.7102293968200684,3.335010528564453,2.6553939626268717,0.3786336076310221
FALLING,replay_2025-08-06_13-35-26.csv,posz,184,-1.5749375820159912,0.3640163838863373,-0.7082925423063621,0.45414243259268083
FALLING,replay_2025-08-06_13-35-26.csv,velx,184,-9.241957013728097e-05,0.0011076352093368769,6.145260893171638e-05,0.0002310528232383662
FALLING,replay_2025-08-06_13-35-26.csv,vely,184,-1.7274771928787231,0.06182577461004257,-0.701493026033226,0.4319713396464948
FALLING,replay_2025-08-06_13-35-26.csv,velz,184,-1.5951520204544067,1.2761515378952026,-0.5008710196808629,0.5893597762685545
FALLING,replay_2025-08-06_13-35-26.csv,accx,184,-0.00017206696793437004,0.0004658539255615324,1.384858282065802e-05,8.144062160948207e-05
FALLING,replay_2025-08-06_13-35-26.csv,accy,184,-1.4530725479125977,0.06307777762413025,-0.5877556496745219,0.33911689399889083
FALLING,replay_2025-08-06_13-35-26.csv,accz,184,-1.3170372247695923,0.689537525177002,-0.33165397013173153,0.3817055459417616
FALLING,replay_2025-08-06_13-35-26.csv,point_y,1686,1.5331506729125977,3.902435302734375,2.7373759772005455,0.4333233461852593
FALLING,replay_2025-08-06_13-35-26.csv,point_z,1686,-2.367854118347168,0.4527568817138672,-0.8517527071182414,0.5872687451136299
FALLING,replay_2025-08-06_13-35-26.csv,point_snr,1686,12.0,32.0,20.752075919335706,4.74234525459811
FALLING,replay_2025-08-06_13-48-34.csv,posx,182,-4.9149992264574394e-05,0.01116871740669012,0.0019492181351371404,0.0035936986261279843
FALLING,replay_2025-08-06_13-48-34.csv,posy,182,1.5955557823181152,3.262808322906494,2.5522171697773777,0.4495534877959259
FALLING,replay_2025-08-06_13-48-34.csv,posz,182,-1.6772053241729736,0.09932263940572739,-0.8224327916709276,0.4532033831742256
FALLING,replay_2025-08-06_13-48-34.csv,velx,182,-5.52045094082132e-05,0.03667905926704407,0.005574090256041239,0.010512380337721058
FALLING,replay_2025-08-06_13-48-34.csv,vely,182,-1.809261679649353,-0.17439860105514526,-0.9477973573810452,0.41947016156654754
FALLING,replay_2025-08-06_13-48-34.csv,velz,182,-1.9086288213729858,0.5650674700737,-0.7479610583018307,0.4864413797044871
FALLING,replay_2025-08-06_13-48-34.csv,accx,182,-2.7798583687399514e-05,0.03380743786692619,0.00410624308096962,0.008189735893840637
FALLING,replay_2025-08-06_13-48-34.csv,accy,182,-1.3637850284576416,0.3736116886138916,-0.6571735330233044,0.3237727393857898
FALLING,replay_2025-08-06_13-48-34.csv,accz,182,-1.3728532791137695,0.0879528820514679,-0.5502485762667525,0.32420938641033514
FALLING,replay_2025-08-06_13-48-34.csv,point_y,1530,1.636505126953125,3.8580894470214844,2.7279035717833278,0.47604946349744287
FALLING,replay_2025-08-06_13-48-34.csv,point_z,1530,-2.578139305114746,0.6315708160400391,-0.8951584498087565,0.5471772239235925
FALLING,replay_2025-08-06_13-48-34.csv,point_snr,1530,12.0,33.25,19.327614379084967,4.694548764222449
FALLING,replay_2025-08-06_13-52-50.csv,posx,330,-0.0129939503967762,0.006548908539116383,-0.00016106992451694725,0.0013355112944169888
FALLING,replay_2025-08-06_13-52-50.csv,posy,330,1.5200636386871338,3.0869736671447754,2.4770317966287787,0.3839618886102025
FALLING,replay_2025-08-06_13-52-50.csv,posz,330,-1.751458764076233,0.2402694970369339,-0.8384442597627639,0.3962287497579981
FALLING,replay_2025-08-06_13-52-50.csv,velx,330,-0.04715821519494057,0.04103098437190056,0.00018565614731979346,0.0054781312440871045
FALLING,replay_2025-08-06_13-52-50.csv,vely,330,-1.907400131225586,0.235709547996521,-0.7891792281333244,0.3943920481144617
FALLING,replay_2025-08-06_13-52-50.csv,velz,330,-1.9629740715026855,0.769748330116272,-0.6343795871700753,0.43366915475583645
FALLING,replay_2025-08-06_13-52-50.csv,accx,330,-0.003090841230005026,0.07109922170639038,0.0019882074613544664,0.011176918501791509
FALLING,replay_2025-08-06_13-52-50.csv,accy,330,-1.4536504745483398,0.923421323299408,-0.5233781002193802,0.32820837098411854
FALLING,replay_2025-08-06_13-52-50.csv,accz,330,-1.7255265712738037,0.22125214338302612,-0.41402831465908974,0.3142654730887306
FALLING,replay_2025-08-06_13-52-50.csv,point_y,2881,1.4036893844604492,3.876328468322754,2.6082828284054735,0.43192176063594184
FALLING,replay_2025-08-06_13-52-50.csv,point_z,2881,-2.4390220642089844,1.0010004043579102,-0.8923080968012705,0.5530620587183056
FALLING,replay_2025-08-06_13-52-50.csv,point_snr,2881,12.0,33.5,19.82714335300243,4.709577168767038
FALLING,replay_2025-08-06_14-08-54.csv,point_y,776,1.5943050384521484,3.8548707962036133,2.726942454416727,0.5201043747486473
FALLING,replay_2025-08-06_14-08-54.csv,point_z,776,-2.2902488708496094,0.7463693618774414,-0.9643546084767765,0.5379221199165269
FALLING,replay_2025-08-06_14-08-54.csv,point_snr,776,12.25,34.5,19.96230670103093,4.654366225667626
FALLING,replay_2025-08-06_14-11-54.csv,posx,118,-1.7003227472305298,0.21134357154369354,-0.7080454866133504,0.4672500847729565
FALLING,replay_2025-08-06_14-11-54.csv,posy,118,1.5643073320388794,3.268709421157837,2.6654617382308183,0.38229033374556315
FALLING,replay_2025-08-06_14-11-54.csv,posz,118,-0.008853325620293617,0.008813802152872086,-0.00025337477463127644,0.0019405447724609615
FALLING,replay_2025-08-06_14-11-54.csv,velx,118,-1.554894208908081,0.8691551685333252,-0.607436280792295,0.5605838556761755
FALLING,replay_2025-08-06_14-11-54.csv,vely,118,-1.8926373720169067,-0.2716071307659149,-0.9328835581318807,0.40160157649971767
FALLING,replay_2025-08-06_14-11-54.csv,velz,118,-0.09543183445930481,0.01373796071857214,-0.0038874144934626684,0.017807826967844352
FALLING,replay_2025-08-06_14-11-54.csv,accx,118,-1.4128973484039307,0.4258984923362732,-0.41779021962182755,0.36986750790738504
FALLING,replay_2025-08-06_14-11-54.csv,accy,118,-1.4880530834197998,0.006438042968511581,-0.707066490946306,0.3564555492778404
FALLING,replay_2025-08-06_14-11-54.csv,accz,118,-0.024731650948524475,0.06710081547498703,0.0025815690748649048,0.012711545596545809
FALLING,replay_2025-08-06_14-11-54.csv,point_y,990,1.5732049942016602,3.864884376525879,2.735499540964762,0.46129049844129943
FALLING,replay_2025-08-06_14-11-54.csv,point_z,990,-2.3217201232910156,1.2094974517822266,-0.8670304760788426,0.5830438836163665
FALLING,replay_2025-08-06_14-11-54.csv,point_snr,990,12.0,32.0,20.343434343434343,4.6499546346469955
FALLING,replay_2025-08-06_14-14-05.csv,posx,198,-1.6065077781677246,0.06272396445274353,-0.7552535698532757,0.4083571913768127
FALLING,replay_2025-08-06_14-14-05.csv,posy,198,1.5398883819580078,3.1570708751678467,2.472454856140445,0.41889870780680777
FALLING,replay_2025-08-06_14-14-05.csv,posz,198,-0.009748169220983982,0.00936032086610794,0.0020421682003837613,0.003713493743782397
FALLING,replay_2025-08-06_14-14-05.csv,velx,198,-1.713090419769287,0.6300755739212036,-0.7071903211657297,0.5114511366856709
FALLING,replay_2025-08-06_14-14-05.csv,vely,198,-2.061993360519409,-0.16843441128730774,-1.0870264450257474,0.44815617908975014
FALLING,replay_2025-08-06_14-14-05.csv,velz,198,-0.0977582037448883,0.02917656861245632,0.0038838428986585323,0.01596847585188668
FALLING,replay_2025-08-06_14-14-05.csv,accx,198,-1.5141469240188599,0.024570047855377197,-0.5630302112173251,0.3233308929365268
FALLING,replay_2025-08-06_14-14-05.csv,accy,198,-1.5855008363723755,-0.059800997376441956,-0.8583737988815163,0.33499777013383036
FALLING,replay_2025-08-06_14-14-05.csv,accz,198,-0.021421629935503006,0.06307972222566605,0.004786630600029805,0.009637135243249974
FALLING,replay_2025-08-06_14-14-05.csv,point_y,1625,1.394033432006836,3.6520957946777344,2.583482155433068,0.4581991895607982
FALLING,replay_2025-08-06_14-14-05.csv,point_z,1625,-2.329230308532715,0.3908872604370117,-0.9072867173414964,0.561403145135008
FALLING,replay_2025-08-06_14-14-05.csv,point_snr,1625,12.0,36.25,20.361538461538462,4.854472713430758
FALLING,replay_2025-08-06_14-17-57.csv,posx,147,-1.6100577116012573,0.08477175980806351,-0.8204452493006275,0.4639897446264926
FALLING,replay_2025-08-06_14-17-57.csv,posy,147,1.3763705492019653,3.462578535079956,2.3791474176912892,0.4694456352890881
FALLING,replay_2025-08-06_14-17-57.csv,posz,147,-0.00683721574023366,0.0464935265481472,0.00419527501147584,0.006927005855755935
FALLING,replay_2025-08-06_14-17-57.csv,velx,147,-1.9073638916015625,0.9156633615493774,-0.5987137704073977,0.6660571000272192
FALLING,replay_2025-08-06_14-17-57.csv,vely,147,-2.000016689300537,0.02897992730140686,-1.054855355245321,0.44244005036804224
FALLING,replay_2025-08-06_14-17-57.csv,velz,147,-0.07499022036790848,0.027329131960868835,0.0024056616218650732,0.019039487667044375
FALLING,replay_2025-08-06_14-17-57.csv,accx,147,-1.6490566730499268,0.6561170816421509,-0.4823748941824702,0.4402998626046651
FALLING,replay_2025-08-06_14-17-57.csv,accy,147,-1.3811850547790527,0.03450580686330795,-0.7744714902701224,0.32806842813384784
FALLING,replay_2025-08-06_14-17-57.csv,accz,147,-0.014789994806051254,0.025604942813515663,0.003696962549761307,0.007413368156309688
FALLING,replay_2025-08-06_14-17-57.csv,point_y,1172,1.3418197631835938,3.51870059967041,2.4741461862883063,0.4659963876700595
FALLING,replay_2025-08-06_14-17-57.csv,point_z,1172,-2.1125078201293945,0.3973245620727539,-0.9576166652575288,0.5422678440924329
FALLING,replay_2025-08-06_14-17-57.csv,point_snr,1172,12.0,34.25,19.729095563139932,4.593186900785059
FALLING,replay_2025-08-06_14-22-35.csv,posx,207,-1.8038158416748047,-0.07338154315948486,-1.0259115027200774,0.5102206473483182
FALLING,replay_2025-08-06_14-22-35.csv,posy,207,0.9771518111228943,3.2970938682556152,2.2008757902228315,0.681185953280022
FALLING,replay_2025-08-06_14-22-35.csv,posz,207,-0.014650126919150352,0.009900389239192009,0.00022204145536776202,0.002855027738943901
FALLING,replay_2025-08-06_14-22-35.csv,velx,207,-1.7681416273117065,0.9183732271194458,-0.5851817233982869,0.567224083791362
FALLING,replay_2025-08-06_14-22-35.csv,vely,207,-2.0718796253204346,0.31775805354118347,-0.9385100957636096,0.5859707064383457
FALLING,replay_2025-08-06_14-22-35.csv,velz,207,-0.09954319149255753,0.03131174296140671,-0.0011456621910138594,0.016299095888120705
FALLING,replay_2025-08-06_14-22-35.csv,accx,207,-1.3769488334655762,0.5016719102859497,-0.3726733288399263,0.3940707371214571
FALLING,replay_2025-08-06_14-22-35.csv,accy,207,-1.498512625694275,0.2505323886871338,-0.6251874100011976,0.41079338394554893
FALLING,replay_2025-08-06_14-22-35.csv,accz,207,-0.029371827840805054,0.02646884135901928,0.0009934929163756413,0.005733392997926062
FALLING,replay_2025-08-06_14-22-35.csv,point_y,1621,1.4104843139648438,3.851652145385742,2.5660311418282697,0.49501840133620295
FALLING,replay_2025-08-06_14-22-35.csv,point_z,1621,-2.3163557052612305,1.5009641647338867,-0.9453935729067389,0.550415722977321
FALLING,replay_2025-08-06_14-22-35.csv,point_snr,1621,12.0,33.5,19.720080197409008,4.590380259313179
FALLING,replay_2025-08-06_14-28-35.csv,posx,12,-1.5284346342086792,-0.060782548040151596,-0.787739424345394,0.5206383193399508
FALLING,replay_2025-08-06_14-28-35.csv,posy,12,1.4716683626174927,2.983574867248535,2.3024169902006784,0.5188519589515005
FALLING,replay_2025-08-06_14-28-35.csv,posz,12,0.0024139885790646076,0.0064797066152095795,0.00444969783226649,0.0012270300960597216
FALLING,replay_2025-08-06_14-28-35.csv,velx,12,-1.7035428285598755,0.017225977033376694,-1.0063184403503935,0.6081412709434161
FALLING,replay_2025-08-06_14-28-35.csv,vely,12,-2.026589870452881,-0.5620815753936768,-1.3388863702615101,0.5457003294106033
FALLING,replay_2025-08-06_14-28-35.csv,velz,12,0.023363202810287476,0.026484491303563118,0.02482533051321904,0.000945101671342203
FALLING,replay_2025-08-06_14-28-35.csv,accx,12,-1.3035026788711548,-0.5008257627487183,-0.9310087611277899,0.24893706155382608
FALLING,replay_2025-08-06_14-28-35.csv,accy,12,-1.41000497341156,-0.3685356676578522,-0.9486461530129114,0.37939101385533347
FALLING,replay_2025-08-06_14-28-35.csv,accz,12,0.022345494478940964,0.045418065041303635,0.0329798796835045,0.0074777910680039195
FALLING,replay_2025-08-06_14-28-35.csv,point_y,90,1.4677047729492188,3.2258033752441406,2.429823080698649,0.5162154347649262
FALLING,replay_2025-08-06_14-28-35.csv,point_z,90,-2.110719680786133,0.17702579498291016,-0.8947094281514486,0.5755870195971984
FALLING,replay_2025-08-06_14-28-35.csv,point_snr,90,12.25,29.5,20.183333333333334,5.062086745821551
FALLING,replay_2025-08-06_14-34-27.csv,posx,227,-0.0005153551464900374,0.0002642765175551176,-2.268113229190305e-06,4.99083860582192e-05
FALLING,replay_2025-08-06_14-34-27.csv,posy,227,1.7615381479263306,3.28342342376709,2.6475495430866527,0.3799586654749204
FALLING,replay_2025-08-06_14-34-27.csv,posz,227,-1.581079125404358,0.4594919681549072,-0.9155843012477989,0.417827440478106
FALLING,replay_2025-08-06_14-34-27.csv,velx,227,-4.824735879083164e-05,0.0011827577836811543,4.4628176922548145e-05,0.00021644239678470493
FALLING,replay_2025-08-06_14-34-27.csv,vely,227,-1.6438153982162476,-0.14348506927490234,-0.8854825337158951,0.4011583533176806
FALLING,replay_2025-08-06_14-34-27.csv,velz,227,-1.476645827293396,0.8825934529304504,-0.6427430516428885,0.43803036462171074
FALLING,replay_2025-08-06_14-34-27.csv,accx,227,-1.3436472727335058e-05,0.0006963668274693191,2.9009772197773277e-05,0.00012291485626587682
FALLING,replay_2025-08-06_14-34-27.csv,accy,227,-1.2242400646209717,0.0,-0.6641713982767996,0.295544591759101
FALLING,replay_2025-08-06_14-34-27.csv,accz,227,-1.0504168272018433,0.20153674483299255,-0.413357596138763,0.2571521273285347
FALLING,replay_2025-08-06_14-34-27.csv,point_y,1929,1.674056053161621,3.7490129470825195,2.6436866164022064,0.4635276637391167
FALLING,replay_2025-08-06_14-34-27.csv,point_z,1929,-2.4268627166748047,0.17774105072021484,-1.0270677495336458,0.45824933241372556
FALLING,replay_2025-08-06_14-34-27.csv,point_snr,1929,12.0,30.5,19.438569206842924,4.010627435533196
FALLING,replay_2025-08-06_14-41-11.csv,posx,115,-0.00031661282991990447,0.008021986111998558,0.0006720568394936468,0.0015761703542799708
FALLING,replay_2025-08-06_14-41-11.csv,posy,115,1.7258703708648682,3.140293598175049,2.4947697566903155,0.4090900023562814
FALLING,replay_2025-08-06_14-41-11.csv,posz,115,-1.5675859451293945,1.0239064693450928,-0.8401190788201663,0.5551696899282251
FALLING,replay_2025-08-06_14-41-11.csv,velx,115,-0.0014347594697028399,0.01861000247299671,0.001818721154171909,0.005001816368724717
FALLING,replay_2025-08-06_14-41-11.csv,vely,115,-1.6091707944869995,-0.02739068493247032,-0.917661599782498,0.4237183304288472
FALLING,replay_2025-08-06_14-41-11.csv,velz,115,-1.3186049461364746,1.2046442031860352,-0.47090605989746426,0.6764056755845232
FALLING,replay_2025-08-06_14-41-11.csv,accx,115,-0.0027501790318638086,0.02942107804119587,0.0017293976643363476,0.00616219065690516
FALLING,replay_2025-08-06_14-41-11.csv,accy,115,-1.4381718635559082,0.0,-0.6678478853858035,0.30659502900907537
FALLING,replay_2025-08-06_14-41-11.csv,accz,115,-0.9181528687477112,0.6961753964424133,-0.3550476640462875,0.3407556898476092
FALLING,replay_2025-08-06_14-41-11.csv,point_y,959,1.571059226989746,3.7375688552856445,2.5568360208346275,0.4616426312539241
FALLING,replay_2025-08-06_14-41-11.csv,point_z,959,-2.296328544616699,0.32258033752441406,-1.0261369074721034,0.4921955015759688
FALLING,replay_2025-08-06_14-41-11.csv,point_snr,959,12.0,32.0,19.69890510948905,4.480463483208393
FALLING,replay_2025-08-06_14-45-09.csv,posx,42,-1.4625009298324585,0.0019259005784988403,-0.7368393244133109,0.41431970510521143
FALLING,replay_2025-08-06_14-45-09.csv,posy,42,2.1972553730010986,3.1494646072387695,2.756791671117147,0.28736878458704784
FALLING,replay_2025-08-06_14-45-09.csv,posz,42,-0.008015202358365059,0.05293562635779381,0.004324502413885192,0.013397434862670846
FALLING,replay_2025-08-06_14-45-09.csv,velx,42,-1.6251966953277588,0.6126233339309692,-0.7641331186251981,0.5882936456837656
FALLING,replay_2025-08-06_14-45-09.csv,vely,42,-1.4394290447235107,-0.2302504926919937,-0.8671307248019037,0.35890208697739595
FALLING,replay_2025-08-06_14-45-09.csv,velz,42,-0.10362780094146729,5.251246693660505e-05,-0.013501867851894792,0.03142907118171246
FALLING,replay_2025-08-06_14-45-09.csv,accx,42,-1.4536405801773071,0.06933529675006866,-0.5677409672533118,0.3915904804367039
FALLING,replay_2025-08-06_14-45-09.csv,accy,42,-1.2337169647216797,0.0,-0.6591117293352172,0.32792795418668785
FALLING,replay_2025-08-06_14-45-09.csv,accz,42,-0.03019564412534237,0.00020585684978868812,-0.003162875499622604,0.007922804372657336
FALLING,replay_2025-08-06_14-45-09.csv,point_y,371,1.7781257629394531,3.7679672241210938,2.7139752380288837,0.49804936638580327
FALLING,replay_2025-08-06_14-45-09.csv,point_z,371,-2.19118595123291,0.21135807037353516,-1.016469014622773,0.4400588391307192
FALLING,replay_2025-08-06_14-45-09.csv,point_snr,371,12.0,27.0,19.08490566037736,3.6061401185259503
FALLING,replay_2025-08-06_15-11-52.csv,posx,163,-1.5574753284454346,-0.1059999018907547,-0.8452942963758129,0.38340455943790736
FALLING,replay_2025-08-06_15-11-52.csv,posy,163,1.7851121425628662,3.2349462509155273,2.629487110793225,0.38926450150857883
FALLING,replay_2025-08-06_15-11-52.csv,posz,163,-0.015089806169271469,0.004162130877375603,-0.0003716593014308049,0.0023936689738295403
FALLING,replay_2025-08-06_15-11-52.csv,velx,163,-1.8155052661895752,-0.0339522585272789,-0.8263786593280686,0.43628937766584114
FALLING,replay_2025-08-06_15-11-52.csv,vely,163,-1.7441208362579346,-0.2340201735496521,-1.0184134956152162,0.40623280531719325
FALLING,replay_2025-08-06_15-11-52.csv,velz,163,-0.0888172909617424,0.027598416432738304,-0.0013370924961487321,0.01174853357265357
FALLING,replay_2025-08-06_15-11-52.csv,accx,163,-1.2126853466033936,0.11529936641454697,-0.5081851494504265,0.2991576810481849
FALLING,replay_2025-08-06_15-11-52.csv,accy,163,-1.3439885377883911,0.2930399477481842,-0.7450922694674299,0.3056502030365798
FALLING,replay_2025-08-06_15-11-52.csv,accz,163,-0.025198766961693764,0.058601584285497665,0.0023987626835881557,0.01179733336749283
FALLING,replay_2025-08-06_15-11-52.csv,point_y,1400,1.6433000564575195,3.7947893142700195,2.7597856521606445,0.4910520677441636
FALLING,replay_2025-08-06_15-11-52.csv,point_z,1400,-2.1239519119262695,1.761317253112793,-0.8996233769825527,0.561101702633631
FALLING,replay_2025-08-06_15-11-52.csv,point_snr,1400,12.0,34.5,19.59107142857143,4.509910784107846
FALLING,replay_2025-08-06_15-16-06.csv,posx,107,-2.5763889425434172e-05,0.009335110895335674,0.0007930752778464789,0.002431569261673364
FALLING,replay_2025-08-06_15-16-06.csv,posy,107,1.9078402519226074,3.229295253753662,2.714969982610685,0.33820598038571664
FALLING,replay_2025-08-06_15-16-06.csv,posz,107,-1.4565635919570923,0.17842112481594086,-0.6935184226136342,0.4015072391100717
FALLING,replay_2025-08-06_15-16-06.csv,velx,107,-0.0002839312073774636,0.03672138974070549,0.0028601104662910356,0.009005734182470446
FALLING,replay_2025-08-06_15-16-06.csv,vely,107,-1.7224987745285034,-0.16510798037052155,-0.8123403653920254,0.36053426913720926
FALLING,replay_2025-08-06_15-16-06.csv,velz,107,-1.7678704261779785,1.4408385753631592,-0.4959757191555522,0.6011770494333948
FALLING,replay_2025-08-06_15-16-06.csv,accx,107,-0.0003317796508781612,0.0414714515209198,0.0027304564701612754,0.008870703774738656
FALLING,replay_2025-08-06_15-16-06.csv,accy,107,-1.2303346395492554,0.05421213060617447,-0.5555091708480755,0.29052206975583345
FALLING,replay_2025-08-06_15-16-06.csv,accz,107,-1.7375620603561401,0.6128613352775574,-0.38364099944445573,0.42479998854955237
FALLING,replay_2025-08-06_15-16-06.csv,point_y,905,1.567840576171875,3.9031505584716797,2.756493657992031,0.46349788254257723
FALLING,replay_2025-08-06_15-16-06.csv,point_z,905,-2.075314521789551,1.6611814498901367,-0.9127528627933059,0.5520663215530944
FALLING,replay_2025-08-06_15-16-06.csv,point_snr,905,12.0,31.25,19.649723756906077,4.50723328189161
FALLING,results_falling_DYLAN_171228.csv,posy,230,2.63,3.06,2.7860434782608694,0.08474769626771164
FALLING,results_falling_DYLAN_171228.csv,posz,230,-1.6,0.56,-0.8826956521739131,0.5571430567038149
FALLING,results_falling_DYLAN_171228.csv,vely,230,-0.58,0.35,-0.11960869565217391,0.1917909276383678
FALLING,results_falling_DYLAN_171228.csv,velz,230,-1.74,-0.25,-0.8647826086956522,0.39012227252956155
FALLING,results_falling_DYLAN_171228.csv,accy,230,-0.73,0.51,-0.2068695652173913,0.26238493202160995
FALLING,results_falling_DYLAN_171228.csv,accz,230,-1.41,0.61,-0.3183043478260869,0.43162805392793707
FALLING,results_falling_DYLAN_171228.csv,point_y,2442,2.27,4.01,3.0762407862407866,0.45937619741616453
FALLING,results_falling_DYLAN_171228.csv,point_z,2442,-1.96,2.22,-0.8585421785421785,0.44743925605674145
FALLING,results_falling_DYLAN_171228.csv,point_snr,2442,4.0,32.25,13.950757575757576,6.528512437860879
FALLING,results_falling_ED_162153.csv,posy,26,2.54,2.92,2.7365384615384616,0.12288025151755569
FALLING,results_falling_ED_162153.csv,posz,26,-1.26,0.19,-0.735,0.48348295650495193
FALLING,results_falling_ED_162153.csv,vely,26,-0.2,0.24,0.01769230769230769,0.12890985796008753
FALLING,results_falling_ED_162153.csv,velz,26,-1.68,-0.28,-1.0615384615384615,0.4597716181196947
FALLING,results_falling_ED_162153.csv,accy,26,-0.5,0.22,-0.13846153846153847,0.19366291705896352
FALLING,results_falling_ED_162153.csv,accz,26,-1.17,0.58,-0.5684615384615385,0.5108341015338941
FALLING,results_falling_ED_162153.csv,point_y,358,2.19,4.03,3.0667039106145255,0.4966359193145641
FALLING,results_falling_ED_162153.csv,point_z,358,-2.03,1.85,-0.5494972067039106,0.6350979986342993
FALLING,results_falling_ED_162153.csv,point_snr,358,4.0,27.75,14.662709497206704,6.319741542295712
FALLING,results_falling_ED_162913.csv,posy,197,2.53,3.02,2.7493401015228427,0.10311430287723287
FALLING,results_falling_ED_162913.csv,posz,197,-1.41,0.36,-0.7746700507614214,0.5146903043652674
FALLING,results_falling_ED_162913.csv,vely,197,-0.37,0.31,-0.03741116751269036,0.12654686929787623
FALLING,results_falling_ED_162913.csv,velz,197,-1.78,-0.25,-0.9532994923857868,0.4004943349596442
FALLING,results_falling_ED_162913.csv,accy,197,-0.56,0.26,-0.13238578680203048,0.18229193243386366
FALLING,results_falling_ED_162913.csv,accz,197,-1.58,0.49,-0.4633502538071066,0.47254569694147586
FALLING,results_falling_ED_162913.csv,point_y,2628,1.96,4.03,3.01427701674277,0.48549889854824263
FALLING,results_falling_ED_162913.csv,point_z,2628,-1.76,2.3,-0.5933942161339422,0.5711794266602314
FALLING,results_falling_ED_162913.csv,point_snr,2628,4.0,33.25,13.891457382039574,6.399887648789897
FALLING,results_falling_EDDIE_172849.csv,posy,218,2.1,3.06,2.6397706422018348,0.1724684325870596
FALLING,results_falling_EDDIE_172849.csv,posz,218,-2.92,0.05,-1.146651376146789,0.5181090154165476
FALLING,results_falling_EDDIE_172849.csv,vely,218,-0.47,0.26,-0.1323394495412844,0.15783086523780873
FALLING,results_falling_EDDIE_172849.csv,velz,218,-1.84,-0.26,-1.0611467889908257,0.4205239921743783
FALLING,results_falling_EDDIE_172849.csv,accy,218,-0.63,0.25,-0.17545871559633028,0.17552809085989374
FALLING,results_falling_EDDIE_172849.csv,accz,218,-1.72,0.62,-0.5576146788990826,0.5313085785643683
FALLING,results_falling_EDDIE_172849.csv,point_y,2332,1.93,4.03,2.9742238421955403,0.5324630037939267
FALLING,results_falling_EDDIE_172849.csv,point_z,2332,-2.34,1.86,-0.9030360205831904,0.43730526417057886
FALLING,results_falling_EDDIE_172849.csv,point_snr,2332,4.0,34.5,13.999678387650086,6.852970311005985
FALLING,results_falling_EMMANUEL175434.csv,posy,204,2.13,3.06,2.610343137254902,0.18399269993500644
FALLING,results_falling_EMMANUEL175434.csv,posz,204,-2.93,0.07,-1.2809313725490197,0.7144589446046338
FALLING,results_falling_EMMANUEL175434.csv,vely,204,-0.59,0.35,-0.16730392156862747,0.2228031879773191
FALLING,results_falling_EMMANUEL175434.csv,velz,204,-1.99,-0.26,-1.1107352941176472,0.38909264551458816
FALLING,results_falling_EMMANUEL175434.csv,accy,204,-0.75,0.43,-0.19607843137254902,0.26942624900414097
FALLING,results_falling_EMMANUEL175434.csv,accz,204,-1.73,0.47,-0.5075,0.49903251986454045
FALLING,results_falling_EMMANUEL175434.csv,point_y,2347,2.11,4.03,2.988491691521091,0.5478989813978311
FALLING,results_falling_EMMANUEL175434.csv,point_z,2347,-2.48,2.12,-0.8524968044311887,0.5140621489063683
FALLING,results_falling_EMMANUEL175434.csv,point_snr,2347,4.0,31.75,13.86930123561994,6.534028806746331
FALLING,results_falling_FAIK_163612.csv,posy,206,2.32,2.82,2.5622330097087382,0.11024185273672223
FALLING,results_falling_FAIK_163612.csv,posz,206,-2.9,0.24,-1.0617961165048544,0.5474541051690743
FALLING,results_falling_FAIK_163612.csv,vely,206,-0.52,0.31,-0.10631067961165049,0.1911766848687418
FALLING,results_falling_FAIK_163612.csv,velz,206,-1.92,-0.25,-1.0520388349514562,0.39923801019330396
FALLING,results_falling_FAIK_163612.csv,accy,206,-0.65,0.31,-0.17291262135922328,0.25165329466249337
FALLING,results_falling_FAIK_163612.csv,accz,206,-1.7,0.46,-0.563495145631068,0.5008385371231903
FALLING,results_falling_FAIK_163612.csv,point_y,2376,1.95,4.03,2.91760101010101,0.5456604613892772
FALLING,results_falling_FAIK_163612.csv,point_z,2376,-2.48,1.5,-0.7763215488215488,0.4065173235137625
FALLING,results_falling_FAIK_163612.csv,point_snr,2376,4.0,35.75,13.824600168350168,6.79920615848565
WALKING,replay_2025-08-22_13-14-53.csv,posx,329,-1.1925122737884521,1.1506004333496094,-0.07506416728691762,0.37245937782886795
WALKING,replay_2025-08-22_13-14-53.csv,posy,329,1.152065634727478,4.888528347015381,2.435477894490251,1.006277404042888
WALKING,replay_2025-08-22_13-14-53.csv,posz,329,-0.018022945150732994,0.05955043435096741,0.0032049389759995503,0.01185693693056227
WALKING,replay_2025-08-22_13-14-53.csv,velx,329,-0.8106943368911743,0.7422419786453247,0.011238244422329279,0.3450702493674817
WALKING,replay_2025-08-22_13-14-53.csv,vely,329,-0.807881772518158,0.9356122016906738,0.02512206602558539,0.44517663679162434
WALKING,replay_2025-08-22_13-14-53.csv,velz,329,-0.1068539172410965,0.037564344704151154,-0.004091063339159391,0.025773051486327272
WALKING,replay_2025-08-22_13-14-53.csv,accx,329,-0.6331027746200562,0.6077677011489868,0.035702945556602014,0.2265062800594055
WALKING,replay_2025-08-22_13-14-53.csv,accy,329,-0.34881001710891724,0.7981313467025757,0.04793157389310173,0.19155319737832957
WALKING,replay_2025-08-22_13-14-53.csv,accz,329,-0.02644668146967888,0.07343017309904099,0.006089986845982907,0.017229132642225302
WALKING,replay_2025-08-22_13-14-53.csv,point_y,1342,0.8740425109863281,4.027962684631348,2.476027754486584,0.7599310230148398
WALKING,replay_2025-08-22_13-14-53.csv,point_z,1342,-1.6862154006958008,1.761317253112793,-0.3437411412041518,0.6190388977877602
WALKING,replay_2025-08-22_13-14-53.csv,point_snr,1342,12.0,32.5,18.254657228017884,4.555587567666793
WALKING,replay_2025-08-22_13-16-44.csv,posx,1001,-1.5053718090057373,1.2486222982406616,-0.14319342481285022,0.41011477303643196
WALKING,replay_2025-08-22_13-16-44.csv,posy,1001,0.8181156516075134,4.479192733764648,2.307970587845211,0.7427076298405036
WALKING,replay_2025-08-22_13-16-44.csv,posz,1001,-0.017926925793290138,0.06633607298135757,0.0023237527128116293,0.008173161652038154
WALKING,replay_2025-08-22_13-16-44.csv,velx,1001,-1.2844682931900024,1.2144159078598022,-0.0013356997008592665,0.45767382816563
WALKING,replay_2025-08-22_13-16-44.csv,vely,1001,-0.7919201254844666,0.899811327457428,-0.013702086217656777,0.42973721011190674
WALKING,replay_2025-08-22_13-16-44.csv,velz,1001,-0.11807200312614441,0.044990140944719315,-0.0020212737540268593,0.019768378570267184
WALKING,replay_2025-08-22_13-16-44.csv,accx,1001,-1.035999059677124,0.802882730960846,0.027271100805354092,0.3238636799972536
WALKING,replay_2025-08-22_13-16-44.csv,accy,1001,-0.692195475101471,1.2566752433776855,0.040061913432289875,0.30220502520022
WALKING,replay_2025-08-22_13-16-44.csv,accz,1001,-0.03175082802772522,0.07646150141954422,0.00441808866974522,0.015070510430925456
WALKING,replay_2025-08-22_13-16-44.csv,point_y,5309,0.7091760635375977,4.0283203125,2.36942157792066,0.7544658239720302
WALKING,replay_2025-08-22_13-16-44.csv,point_z,5309,-2.0467042922973633,2.2466182708740234,-0.2544659368285443,0.661630747367148
WALKING,replay_2025-08-22_13-16-44.csv,point_snr,5309,12.0,37.5,18.767329063853833,4.72529723175665
WALKING,replay_2025-08-22_13-28-15.csv,posx,451,-0.008175624534487724,0.031514231115579605,0.0004700453546348409,0.0035501795293006277
WALKING,replay_2025-08-22_13-28-15.csv,posy,451,1.1102479696273804,3.7165019512176514,2.4679014238708565,0.5963662924833655
WALKING,replay_2025-08-22_13-28-15.csv,posz,451,-1.4888418912887573,0.8012052774429321,-0.23666499105763278,0.574703154254494
WALKING,replay_2025-08-22_13-28-15.csv,velx,451,-0.054825056344270706,0.02349895052611828,-0.0009420511655722509,0.008668545241712344
WALKING,replay_2025-08-22_13-28-15.csv,vely,451,-0.6223816275596619,0.7739167809486389,0.11130520281177468,0.2992575351139149
WALKING,replay_2025-08-22_13-28-15.csv,velz,451,-1.2014613151550293,0.9525669813156128,0.001269969289519405,0.3799972871545177
WALKING,replay_2025-08-22_13-28-15.csv,accx,451,-0.013458630070090294,0.03305044770240784,0.0011426482873685515,0.0059041129854274284
WALKING,replay_2025-08-22_13-28-15.csv,accy,451,-0.4820845127105713,0.5371823310852051,0.03278055810511521,0.22503671946179432
WALKING,replay_2025-08-22_13-28-15.csv,accz,451,-0.9977430105209351,0.7884755730628967,0.0018982396826577558,0.2517294147484334
WALKING,replay_2025-08-22_13-28-15.csv,point_y,2953,0.7252693176269531,3.9843320846557617,2.207559082736575,0.6667106664000702
WALKING,replay_2025-08-22_13-28-15.csv,point_z,2953,-1.6515254974365234,1.6461610794067383,-0.19941126496921827,0.6591117200393601
WALKING,replay_2025-08-22_13-28-15.csv,point_snr,2953,12.0,38.5,18.497629529292244,4.517920947442155
WALKING,replay_2025-09-17_14-38-48swap.csv,posx,773,-2.9364707469940186,2.2356390953063965,-0.30406440768684867,0.45578494962103805
WALKING,replay_2025-09-17_14-38-48swap.csv,posy,773,0.6204860806465149,3.395702362060547,1.840530799015065,0.5821096531153482
WALKING,replay_2025-09-17_14-38-48swap.csv,posz,773,-0.007419456262141466,0.030319077894091606,0.0005448993215603359,0.0036748790194004273
WALKING,replay_2025-09-17_14-38-48swap.csv,velx,773,-1.765239953994751,1.4026511907577515,-0.05441996555342875,0.47009642521160694
WALKING,replay_2025-09-17_14-38-48swap.csv,vely,773,-1.1426947116851807,0.889317512512207,0.013895835151551303,0.47356284884960653
WALKING,replay_2025-09-17_14-38-48swap.csv,velz,773,-0.0529959611594677,0.02791113406419754,6.627569860941264e-05,0.008099323490638202
WALKING,replay_2025-09-17_14-38-48swap.csv,accx,773,-1.0142021179199219,0.8345478773117065,-0.03945185430009065,0.2750141985370793
WALKING,replay_2025-09-17_14-38-48swap.csv,accy,773,-1.2652419805526733,1.0366544723510742,0.007922165436117155,0.3501199187211978
WALKING,replay_2025-09-17_14-38-48swap.csv,accz,773,-0.011619526892900467,0.026249989867210388,0.0010511030896285572,0.004300906253267253
WALKING,replay_2025-09-17_14-38-48swap.csv,point_y,4562,0.7349252700805664,4.021883010864258,1.9317512342878624,0.6337935562502699
WALKING,replay_2025-09-17_14-38-48swap.csv,point_z,4562,-1.843571662902832,1.865386962890625,-0.4775725086233899,0.6312778322305201
WALKING,replay_2025-09-17_14-38-48swap.csv,point_snr,4562,12.0,37.25,19.071569487067077,5.189377398322144
WALKING,walkingcombined.csv,posx,1557,-1.3488918542861938,0.9769735932350159,-0.11583957470537554,0.31906152929129755
WALKING,walkingcombined.csv,posy,1557,0.4774993062019348,3.5318174362182617,2.031074574763911,0.5789467130718585
WALKING,walkingcombined.csv,posz,1557,-1.6782644987106323,0.7154144644737244,-0.04115580997748196,0.28797293618455144
WALKING,walkingcombined.csv,velx,1557,-1.6913108825683594,1.4358593225479126,0.012419916163252831,0.3202968578544031
WALKING,walkingcombined.csv,vely,1557,-1.1924833059310913,1.2136530876159668,-0.019692898900819347,0.5106725051134201
WALKING,walkingcombined.csv,velz,1557,-1.207728385925293,1.469515323638916,-0.0032282150713324994,0.2816840626686449
WALKING,walkingcombined.csv,accx,1557,-1.0301896333694458,0.7831548452377319,0.0040782657508017656,0.21162323077417206
WALKING,walkingcombined.csv,accy,1557,-1.3649407625198364,1.3370152711868286,-0.029920184575293426,0.4273765330136844
WALKING,walkingcombined.csv,accz,1557,-0.976834774017334,0.7640600204467773,-0.009892577771533443,0.16889372071911268
WALKING,walkingcombined.csv,point_y,9807,0.7002353668212891,3.9135217666625977,2.0985313058446473,0.5876175588876417
WALKING,walkingcombined.csv,point_z,9807,-2.040266990661621,1.9172430038452148,-0.3417627130965276,0.6079998399631125
WALKING,walkingcombined.csv,point_snr,9807,12.0,40.25,18.780335474660955,4.840036773604813
